store_id,model_id,forecast_units,forecast_week,method,product_launched
ST001,MD001,0.75,53,4_week_rolling_average,True
ST001,MD002,0.75,53,4_week_rolling_average,True
ST001,MD003,0.0,53,4_week_rolling_average,True
ST001,MD004,0.0,53,4_week_rolling_average,False
ST001,MD005,0.0,53,4_week_rolling_average,True
ST001,MD006,0.25,53,4_week_rolling_average,True
ST001,MD007,0.25,53,4_week_rolling_average,True
ST001,MD008,0.0,53,4_week_rolling_average,True
ST001,MD009,0.0,53,4_week_rolling_average,True
ST001,MD010,14.75,53,4_week_rolling_average,True
ST001,MD011,0.25,53,4_week_rolling_average,True
ST001,MD012,4.0,53,4_week_rolling_average,True
ST001,MD013,0.0,53,4_week_rolling_average,False
ST001,MD014,0.0,53,4_week_rolling_average,True
ST001,MD015,0.0,53,4_week_rolling_average,True
ST001,MD016,1.25,53,4_week_rolling_average,True
ST001,MD017,0.25,53,4_week_rolling_average,True
ST001,MD018,0.0,53,4_week_rolling_average,True
ST001,MD019,0.75,53,4_week_rolling_average,True
ST001,MD020,1.0,53,4_week_rolling_average,True
ST001,MD021,1.75,53,4_week_rolling_average,True
ST001,MD022,0.0,53,4_week_rolling_average,False
ST001,MD023,0.25,53,4_week_rolling_average,True
ST001,MD024,0.0,53,4_week_rolling_average,True
ST001,MD025,0.0,53,4_week_rolling_average,True
ST001,MD026,0.0,53,4_week_rolling_average,True
ST001,MD027,2.0,53,4_week_rolling_average,True
ST001,MD028,0.0,53,4_week_rolling_average,False
ST001,MD029,0.0,53,4_week_rolling_average,True
ST001,MD030,0.25,53,4_week_rolling_average,True
ST001,MD031,0.0,53,4_week_rolling_average,True
ST001,MD032,0.25,53,4_week_rolling_average,True
ST001,MD033,0.0,53,4_week_rolling_average,True
ST001,MD034,0.0,53,4_week_rolling_average,True
ST001,MD035,1.5,53,4_week_rolling_average,True
ST001,MD036,0.0,53,4_week_rolling_average,False
ST001,MD037,0.75,53,4_week_rolling_average,True
ST001,MD038,5.0,53,4_week_rolling_average,True
ST001,MD039,1.0,53,4_week_rolling_average,True
ST001,MD040,0.0,53,4_week_rolling_average,True
ST001,MD041,0.0,53,4_week_rolling_average,True
ST001,MD042,0.0,53,4_week_rolling_average,True
ST001,MD043,0.25,53,4_week_rolling_average,True
ST001,MD044,0.75,53,4_week_rolling_average,True
ST001,MD045,0.0,53,4_week_rolling_average,True
ST001,MD046,0.25,53,4_week_rolling_average,True
ST001,MD047,0.0,53,4_week_rolling_average,False
ST001,MD048,0.25,53,4_week_rolling_average,True
ST001,MD049,0.5,53,4_week_rolling_average,True
ST001,MD050,0.5,53,4_week_rolling_average,True
ST001,MD051,0.25,53,4_week_rolling_average,True
ST001,MD052,5.25,53,4_week_rolling_average,True
ST001,MD053,0.0,53,4_week_rolling_average,False
ST001,MD054,0.0,53,4_week_rolling_average,True
ST001,MD055,1.0,53,4_week_rolling_average,True
ST001,MD056,0.0,53,4_week_rolling_average,True
ST001,MD057,0.25,53,4_week_rolling_average,True
ST001,MD058,0.75,53,4_week_rolling_average,True
ST001,MD059,0.0,53,4_week_rolling_average,True
ST001,MD060,0.0,53,4_week_rolling_average,True
ST002,MD001,0.25,53,4_week_rolling_average,True
ST002,MD002,1.25,53,4_week_rolling_average,True
ST002,MD003,0.75,53,4_week_rolling_average,True
ST002,MD004,0.0,53,4_week_rolling_average,False
ST002,MD005,0.0,53,4_week_rolling_average,True
ST002,MD006,0.0,53,4_week_rolling_average,True
ST002,MD007,0.25,53,4_week_rolling_average,True
ST002,MD008,0.0,53,4_week_rolling_average,True
ST002,MD009,0.0,53,4_week_rolling_average,True
ST002,MD010,8.75,53,4_week_rolling_average,True
ST002,MD011,0.0,53,4_week_rolling_average,True
ST002,MD012,6.25,53,4_week_rolling_average,True
ST002,MD013,0.0,53,4_week_rolling_average,False
ST002,MD014,0.0,53,4_week_rolling_average,True
ST002,MD015,0.0,53,4_week_rolling_average,True
ST002,MD016,1.25,53,4_week_rolling_average,True
ST002,MD017,0.25,53,4_week_rolling_average,True
ST002,MD018,0.0,53,4_week_rolling_average,True
ST002,MD019,1.0,53,4_week_rolling_average,True
ST002,MD020,0.0,53,4_week_rolling_average,True
ST002,MD021,3.25,53,4_week_rolling_average,True
ST002,MD022,0.0,53,4_week_rolling_average,False
ST002,MD023,0.0,53,4_week_rolling_average,True
ST002,MD024,0.25,53,4_week_rolling_average,True
ST002,MD025,0.0,53,4_week_rolling_average,True
ST002,MD026,0.0,53,4_week_rolling_average,True
ST002,MD027,0.75,53,4_week_rolling_average,True
ST002,MD028,0.0,53,4_week_rolling_average,False
ST002,MD029,0.0,53,4_week_rolling_average,True
ST002,MD030,1.5,53,4_week_rolling_average,True
ST002,MD031,0.0,53,4_week_rolling_average,True
ST002,MD032,0.5,53,4_week_rolling_average,True
ST002,MD033,0.0,53,4_week_rolling_average,True
ST002,MD034,0.25,53,4_week_rolling_average,True
ST002,MD035,0.75,53,4_week_rolling_average,True
ST002,MD036,0.0,53,4_week_rolling_average,False
ST002,MD037,0.25,53,4_week_rolling_average,True
ST002,MD038,4.25,53,4_week_rolling_average,True
ST002,MD039,1.25,53,4_week_rolling_average,True
ST002,MD040,0.0,53,4_week_rolling_average,True
ST002,MD041,0.25,53,4_week_rolling_average,True
ST002,MD042,0.0,53,4_week_rolling_average,True
ST002,MD043,1.25,53,4_week_rolling_average,True
ST002,MD044,0.25,53,4_week_rolling_average,True
ST002,MD045,0.0,53,4_week_rolling_average,True
ST002,MD046,0.0,53,4_week_rolling_average,True
ST002,MD047,0.0,53,4_week_rolling_average,False
ST002,MD048,0.25,53,4_week_rolling_average,True
ST002,MD049,0.25,53,4_week_rolling_average,True
ST002,MD050,1.25,53,4_week_rolling_average,True
ST002,MD051,0.0,53,4_week_rolling_average,True
ST002,MD052,1.25,53,4_week_rolling_average,True
ST002,MD053,0.0,53,4_week_rolling_average,False
ST002,MD054,0.0,53,4_week_rolling_average,True
ST002,MD055,0.5,53,4_week_rolling_average,True
ST002,MD056,0.0,53,4_week_rolling_average,True
ST002,MD057,0.25,53,4_week_rolling_average,True
ST002,MD058,0.25,53,4_week_rolling_average,True
ST002,MD059,0.0,53,4_week_rolling_average,True
ST002,MD060,0.0,53,4_week_rolling_average,True
ST003,MD001,0.25,53,4_week_rolling_average,True
ST003,MD002,0.25,53,4_week_rolling_average,True
ST003,MD003,0.0,53,4_week_rolling_average,True
ST003,MD004,0.0,53,4_week_rolling_average,False
ST003,MD005,0.0,53,4_week_rolling_average,True
ST003,MD006,0.5,53,4_week_rolling_average,True
ST003,MD007,0.0,53,4_week_rolling_average,True
ST003,MD008,0.0,53,4_week_rolling_average,True
ST003,MD009,0.25,53,4_week_rolling_average,True
ST003,MD010,6.0,53,4_week_rolling_average,True
ST003,MD011,0.0,53,4_week_rolling_average,True
ST003,MD012,8.5,53,4_week_rolling_average,True
ST003,MD013,0.0,53,4_week_rolling_average,False
ST003,MD014,0.0,53,4_week_rolling_average,True
ST003,MD015,1.0,53,4_week_rolling_average,True
ST003,MD016,3.0,53,4_week_rolling_average,True
ST003,MD017,1.0,53,4_week_rolling_average,True
ST003,MD018,0.0,53,4_week_rolling_average,True
ST003,MD019,5.25,53,4_week_rolling_average,True
ST003,MD020,0.0,53,4_week_rolling_average,True
ST003,MD021,2.0,53,4_week_rolling_average,True
ST003,MD022,0.0,53,4_week_rolling_average,False
ST003,MD023,0.0,53,4_week_rolling_average,True
ST003,MD024,1.75,53,4_week_rolling_average,True
ST003,MD025,0.0,53,4_week_rolling_average,True
ST003,MD026,0.0,53,4_week_rolling_average,True
ST003,MD027,3.0,53,4_week_rolling_average,True
ST003,MD028,0.0,53,4_week_rolling_average,False
ST003,MD029,0.0,53,4_week_rolling_average,True
ST003,MD030,0.25,53,4_week_rolling_average,True
ST003,MD031,0.0,53,4_week_rolling_average,True
ST003,MD032,0.75,53,4_week_rolling_average,True
ST003,MD033,0.0,53,4_week_rolling_average,True
ST003,MD034,0.0,53,4_week_rolling_average,True
ST003,MD035,2.75,53,4_week_rolling_average,True
ST003,MD036,0.0,53,4_week_rolling_average,False
ST003,MD037,0.5,53,4_week_rolling_average,True
ST003,MD038,5.0,53,4_week_rolling_average,True
ST003,MD039,0.75,53,4_week_rolling_average,True
ST003,MD040,0.0,53,4_week_rolling_average,True
ST003,MD041,0.5,53,4_week_rolling_average,True
ST003,MD042,0.0,53,4_week_rolling_average,True
ST003,MD043,0.0,53,4_week_rolling_average,True
ST003,MD044,1.75,53,4_week_rolling_average,True
ST003,MD045,0.25,53,4_week_rolling_average,True
ST003,MD046,0.25,53,4_week_rolling_average,True
ST003,MD047,0.0,53,4_week_rolling_average,False
ST003,MD048,0.0,53,4_week_rolling_average,True
ST003,MD049,0.5,53,4_week_rolling_average,True
ST003,MD050,2.75,53,4_week_rolling_average,True
ST003,MD051,0.5,53,4_week_rolling_average,True
ST003,MD052,2.5,53,4_week_rolling_average,True
ST003,MD053,0.0,53,4_week_rolling_average,False
ST003,MD054,0.0,53,4_week_rolling_average,True
ST003,MD055,0.75,53,4_week_rolling_average,True
ST003,MD056,0.0,53,4_week_rolling_average,True
ST003,MD057,0.25,53,4_week_rolling_average,True
ST003,MD058,0.0,53,4_week_rolling_average,True
ST003,MD059,0.0,53,4_week_rolling_average,True
ST003,MD060,0.5,53,4_week_rolling_average,True
ST004,MD001,0.0,53,4_week_rolling_average,True
ST004,MD002,0.0,53,4_week_rolling_average,True
ST004,MD003,0.0,53,4_week_rolling_average,True
ST004,MD004,0.0,53,4_week_rolling_average,False
ST004,MD005,0.0,53,4_week_rolling_average,True
ST004,MD006,0.5,53,4_week_rolling_average,True
ST004,MD007,0.0,53,4_week_rolling_average,True
ST004,MD008,0.0,53,4_week_rolling_average,True
ST004,MD009,0.0,53,4_week_rolling_average,True
ST004,MD010,6.5,53,4_week_rolling_average,True
ST004,MD011,0.0,53,4_week_rolling_average,True
ST004,MD012,1.75,53,4_week_rolling_average,True
ST004,MD013,0.0,53,4_week_rolling_average,False
ST004,MD014,0.0,53,4_week_rolling_average,True
ST004,MD015,0.25,53,4_week_rolling_average,True
ST004,MD016,1.75,53,4_week_rolling_average,True
ST004,MD017,0.0,53,4_week_rolling_average,True
ST004,MD018,0.25,53,4_week_rolling_average,True
ST004,MD019,1.75,53,4_week_rolling_average,True
ST004,MD020,0.0,53,4_week_rolling_average,True
ST004,MD021,0.25,53,4_week_rolling_average,True
ST004,MD022,0.0,53,4_week_rolling_average,False
ST004,MD023,0.0,53,4_week_rolling_average,True
ST004,MD024,0.5,53,4_week_rolling_average,True
ST004,MD025,0.0,53,4_week_rolling_average,True
ST004,MD026,0.0,53,4_week_rolling_average,True
ST004,MD027,2.25,53,4_week_rolling_average,True
ST004,MD028,0.0,53,4_week_rolling_average,False
ST004,MD029,0.0,53,4_week_rolling_average,True
ST004,MD030,0.5,53,4_week_rolling_average,True
ST004,MD031,0.0,53,4_week_rolling_average,True
ST004,MD032,0.0,53,4_week_rolling_average,True
ST004,MD033,0.0,53,4_week_rolling_average,True
ST004,MD034,0.0,53,4_week_rolling_average,True
ST004,MD035,0.75,53,4_week_rolling_average,True
ST004,MD036,0.0,53,4_week_rolling_average,False
ST004,MD037,0.0,53,4_week_rolling_average,True
ST004,MD038,4.0,53,4_week_rolling_average,True
ST004,MD039,0.5,53,4_week_rolling_average,True
ST004,MD040,0.0,53,4_week_rolling_average,True
ST004,MD041,0.0,53,4_week_rolling_average,True
ST004,MD042,0.0,53,4_week_rolling_average,True
ST004,MD043,0.25,53,4_week_rolling_average,True
ST004,MD044,1.0,53,4_week_rolling_average,True
ST004,MD045,0.0,53,4_week_rolling_average,True
ST004,MD046,0.0,53,4_week_rolling_average,True
ST004,MD047,0.0,53,4_week_rolling_average,False
ST004,MD048,0.25,53,4_week_rolling_average,True
ST004,MD049,0.5,53,4_week_rolling_average,True
ST004,MD050,0.5,53,4_week_rolling_average,True
ST004,MD051,0.0,53,4_week_rolling_average,True
ST004,MD052,0.75,53,4_week_rolling_average,True
ST004,MD053,0.0,53,4_week_rolling_average,False
ST004,MD054,0.25,53,4_week_rolling_average,True
ST004,MD055,0.0,53,4_week_rolling_average,True
ST004,MD056,0.0,53,4_week_rolling_average,True
ST004,MD057,0.0,53,4_week_rolling_average,True
ST004,MD058,0.0,53,4_week_rolling_average,True
ST004,MD059,0.0,53,4_week_rolling_average,True
ST004,MD060,0.0,53,4_week_rolling_average,True
ST005,MD001,0.25,53,4_week_rolling_average,True
ST005,MD002,0.5,53,4_week_rolling_average,True
ST005,MD003,0.75,53,4_week_rolling_average,True
ST005,MD004,0.0,53,4_week_rolling_average,False
ST005,MD005,0.0,53,4_week_rolling_average,True
ST005,MD006,0.5,53,4_week_rolling_average,True
ST005,MD007,0.5,53,4_week_rolling_average,True
ST005,MD008,0.0,53,4_week_rolling_average,True
ST005,MD009,0.0,53,4_week_rolling_average,True
ST005,MD010,4.5,53,4_week_rolling_average,True
ST005,MD011,0.0,53,4_week_rolling_average,True
ST005,MD012,4.25,53,4_week_rolling_average,True
ST005,MD013,0.0,53,4_week_rolling_average,False
ST005,MD014,0.0,53,4_week_rolling_average,True
ST005,MD015,0.5,53,4_week_rolling_average,True
ST005,MD016,2.5,53,4_week_rolling_average,True
ST005,MD017,0.25,53,4_week_rolling_average,True
ST005,MD018,0.0,53,4_week_rolling_average,True
ST005,MD019,4.0,53,4_week_rolling_average,True
ST005,MD020,0.0,53,4_week_rolling_average,True
ST005,MD021,2.25,53,4_week_rolling_average,True
ST005,MD022,0.0,53,4_week_rolling_average,False
ST005,MD023,0.0,53,4_week_rolling_average,True
ST005,MD024,2.0,53,4_week_rolling_average,True
ST005,MD025,0.0,53,4_week_rolling_average,True
ST005,MD026,0.25,53,4_week_rolling_average,True
ST005,MD027,2.5,53,4_week_rolling_average,True
ST005,MD028,0.0,53,4_week_rolling_average,False
ST005,MD029,0.0,53,4_week_rolling_average,True
ST005,MD030,0.5,53,4_week_rolling_average,True
ST005,MD031,0.0,53,4_week_rolling_average,True
ST005,MD032,0.25,53,4_week_rolling_average,True
ST005,MD033,0.0,53,4_week_rolling_average,True
ST005,MD034,0.25,53,4_week_rolling_average,True
ST005,MD035,4.0,53,4_week_rolling_average,True
ST005,MD036,0.0,53,4_week_rolling_average,False
ST005,MD037,1.5,53,4_week_rolling_average,True
ST005,MD038,4.0,53,4_week_rolling_average,True
ST005,MD039,1.5,53,4_week_rolling_average,True
ST005,MD040,0.0,53,4_week_rolling_average,True
ST005,MD041,0.25,53,4_week_rolling_average,True
ST005,MD042,0.0,53,4_week_rolling_average,True
ST005,MD043,1.0,53,4_week_rolling_average,True
ST005,MD044,2.0,53,4_week_rolling_average,True
ST005,MD045,0.0,53,4_week_rolling_average,True
ST005,MD046,1.0,53,4_week_rolling_average,True
ST005,MD047,0.0,53,4_week_rolling_average,False
ST005,MD048,0.25,53,4_week_rolling_average,True
ST005,MD049,0.5,53,4_week_rolling_average,True
ST005,MD050,0.0,53,4_week_rolling_average,True
ST005,MD051,0.0,53,4_week_rolling_average,True
ST005,MD052,0.5,53,4_week_rolling_average,True
ST005,MD053,0.0,53,4_week_rolling_average,False
ST005,MD054,0.0,53,4_week_rolling_average,True
ST005,MD055,0.0,53,4_week_rolling_average,True
ST005,MD056,0.0,53,4_week_rolling_average,True
ST005,MD057,1.5,53,4_week_rolling_average,True
ST005,MD058,0.5,53,4_week_rolling_average,True
ST005,MD059,0.0,53,4_week_rolling_average,True
ST005,MD060,0.0,53,4_week_rolling_average,True
ST006,MD001,0.0,53,4_week_rolling_average,True
ST006,MD002,1.0,53,4_week_rolling_average,True
ST006,MD003,0.25,53,4_week_rolling_average,True
ST006,MD004,0.0,53,4_week_rolling_average,False
ST006,MD005,0.0,53,4_week_rolling_average,True
ST006,MD006,2.75,53,4_week_rolling_average,True
ST006,MD007,0.0,53,4_week_rolling_average,True
ST006,MD008,0.0,53,4_week_rolling_average,True
ST006,MD009,0.25,53,4_week_rolling_average,True
ST006,MD010,12.0,53,4_week_rolling_average,True
ST006,MD011,0.0,53,4_week_rolling_average,True
ST006,MD012,7.75,53,4_week_rolling_average,True
ST006,MD013,0.0,53,4_week_rolling_average,False
ST006,MD014,0.0,53,4_week_rolling_average,True
ST006,MD015,0.0,53,4_week_rolling_average,True
ST006,MD016,10.75,53,4_week_rolling_average,True
ST006,MD017,0.5,53,4_week_rolling_average,True
ST006,MD018,0.75,53,4_week_rolling_average,True
ST006,MD019,1.75,53,4_week_rolling_average,True
ST006,MD020,0.0,53,4_week_rolling_average,True
ST006,MD021,8.25,53,4_week_rolling_average,True
ST006,MD022,0.0,53,4_week_rolling_average,False
ST006,MD023,0.0,53,4_week_rolling_average,True
ST006,MD024,0.75,53,4_week_rolling_average,True
ST006,MD025,0.0,53,4_week_rolling_average,True
ST006,MD026,0.25,53,4_week_rolling_average,True
ST006,MD027,0.25,53,4_week_rolling_average,True
ST006,MD028,0.0,53,4_week_rolling_average,False
ST006,MD029,0.0,53,4_week_rolling_average,True
ST006,MD030,1.25,53,4_week_rolling_average,True
ST006,MD031,0.0,53,4_week_rolling_average,True
ST006,MD032,0.75,53,4_week_rolling_average,True
ST006,MD033,0.0,53,4_week_rolling_average,True
ST006,MD034,0.0,53,4_week_rolling_average,True
ST006,MD035,0.25,53,4_week_rolling_average,True
ST006,MD036,0.0,53,4_week_rolling_average,False
ST006,MD037,0.25,53,4_week_rolling_average,True
ST006,MD038,4.5,53,4_week_rolling_average,True
ST006,MD039,1.5,53,4_week_rolling_average,True
ST006,MD040,0.0,53,4_week_rolling_average,True
ST006,MD041,0.0,53,4_week_rolling_average,True
ST006,MD042,0.0,53,4_week_rolling_average,True
ST006,MD043,0.25,53,4_week_rolling_average,True
ST006,MD044,1.25,53,4_week_rolling_average,True
ST006,MD045,0.0,53,4_week_rolling_average,True
ST006,MD046,0.0,53,4_week_rolling_average,True
ST006,MD047,0.0,53,4_week_rolling_average,False
ST006,MD048,0.25,53,4_week_rolling_average,True
ST006,MD049,0.0,53,4_week_rolling_average,True
ST006,MD050,3.25,53,4_week_rolling_average,True
ST006,MD051,0.0,53,4_week_rolling_average,True
ST006,MD052,0.5,53,4_week_rolling_average,True
ST006,MD053,0.0,53,4_week_rolling_average,False
ST006,MD054,0.0,53,4_week_rolling_average,True
ST006,MD055,1.5,53,4_week_rolling_average,True
ST006,MD056,0.0,53,4_week_rolling_average,True
ST006,MD057,0.0,53,4_week_rolling_average,True
ST006,MD058,0.0,53,4_week_rolling_average,True
ST006,MD059,0.0,53,4_week_rolling_average,True
ST006,MD060,0.25,53,4_week_rolling_average,True
ST007,MD001,0.25,53,4_week_rolling_average,True
ST007,MD002,0.25,53,4_week_rolling_average,True
ST007,MD003,1.75,53,4_week_rolling_average,True
ST007,MD004,0.0,53,4_week_rolling_average,False
ST007,MD005,0.25,53,4_week_rolling_average,True
ST007,MD006,0.0,53,4_week_rolling_average,True
ST007,MD007,0.0,53,4_week_rolling_average,True
ST007,MD008,0.0,53,4_week_rolling_average,True
ST007,MD009,0.0,53,4_week_rolling_average,True
ST007,MD010,2.0,53,4_week_rolling_average,True
ST007,MD011,0.0,53,4_week_rolling_average,True
ST007,MD012,14.25,53,4_week_rolling_average,True
ST007,MD013,0.0,53,4_week_rolling_average,False
ST007,MD014,0.0,53,4_week_rolling_average,True
ST007,MD015,0.0,53,4_week_rolling_average,True
ST007,MD016,1.75,53,4_week_rolling_average,True
ST007,MD017,2.0,53,4_week_rolling_average,True
ST007,MD018,0.0,53,4_week_rolling_average,True
ST007,MD019,1.5,53,4_week_rolling_average,True
ST007,MD020,0.0,53,4_week_rolling_average,True
ST007,MD021,3.5,53,4_week_rolling_average,True
ST007,MD022,0.0,53,4_week_rolling_average,False
ST007,MD023,0.0,53,4_week_rolling_average,True
ST007,MD024,1.75,53,4_week_rolling_average,True
ST007,MD025,0.0,53,4_week_rolling_average,True
ST007,MD026,0.0,53,4_week_rolling_average,True
ST007,MD027,0.75,53,4_week_rolling_average,True
ST007,MD028,0.0,53,4_week_rolling_average,False
ST007,MD029,0.0,53,4_week_rolling_average,True
ST007,MD030,0.25,53,4_week_rolling_average,True
ST007,MD031,0.0,53,4_week_rolling_average,True
ST007,MD032,0.5,53,4_week_rolling_average,True
ST007,MD033,0.0,53,4_week_rolling_average,True
ST007,MD034,0.0,53,4_week_rolling_average,True
ST007,MD035,0.75,53,4_week_rolling_average,True
ST007,MD036,0.0,53,4_week_rolling_average,False
ST007,MD037,0.5,53,4_week_rolling_average,True
ST007,MD038,2.0,53,4_week_rolling_average,True
ST007,MD039,0.75,53,4_week_rolling_average,True
ST007,MD040,0.0,53,4_week_rolling_average,True
ST007,MD041,0.25,53,4_week_rolling_average,True
ST007,MD042,0.0,53,4_week_rolling_average,True
ST007,MD043,0.25,53,4_week_rolling_average,True
ST007,MD044,0.25,53,4_week_rolling_average,True
ST007,MD045,0.0,53,4_week_rolling_average,True
ST007,MD046,0.5,53,4_week_rolling_average,True
ST007,MD047,0.0,53,4_week_rolling_average,False
ST007,MD048,0.0,53,4_week_rolling_average,True
ST007,MD049,0.0,53,4_week_rolling_average,True
ST007,MD050,2.0,53,4_week_rolling_average,True
ST007,MD051,0.5,53,4_week_rolling_average,True
ST007,MD052,1.0,53,4_week_rolling_average,True
ST007,MD053,0.0,53,4_week_rolling_average,False
ST007,MD054,0.0,53,4_week_rolling_average,True
ST007,MD055,0.5,53,4_week_rolling_average,True
ST007,MD056,0.0,53,4_week_rolling_average,True
ST007,MD057,0.25,53,4_week_rolling_average,True
ST007,MD058,0.25,53,4_week_rolling_average,True
ST007,MD059,0.0,53,4_week_rolling_average,True
ST007,MD060,0.0,53,4_week_rolling_average,True
ST008,MD001,0.0,53,4_week_rolling_average,True
ST008,MD002,0.0,53,4_week_rolling_average,True
ST008,MD003,0.25,53,4_week_rolling_average,True
ST008,MD004,0.0,53,4_week_rolling_average,False
ST008,MD005,0.0,53,4_week_rolling_average,True
ST008,MD006,0.25,53,4_week_rolling_average,True
ST008,MD007,0.5,53,4_week_rolling_average,True
ST008,MD008,0.0,53,4_week_rolling_average,True
ST008,MD009,0.25,53,4_week_rolling_average,True
ST008,MD010,4.0,53,4_week_rolling_average,True
ST008,MD011,0.0,53,4_week_rolling_average,True
ST008,MD012,3.75,53,4_week_rolling_average,True
ST008,MD013,0.0,53,4_week_rolling_average,False
ST008,MD014,0.0,53,4_week_rolling_average,True
ST008,MD015,0.0,53,4_week_rolling_average,True
ST008,MD016,2.5,53,4_week_rolling_average,True
ST008,MD017,0.25,53,4_week_rolling_average,True
ST008,MD018,0.0,53,4_week_rolling_average,True
ST008,MD019,0.5,53,4_week_rolling_average,True
ST008,MD020,0.0,53,4_week_rolling_average,True
ST008,MD021,3.0,53,4_week_rolling_average,True
ST008,MD022,0.0,53,4_week_rolling_average,False
ST008,MD023,0.0,53,4_week_rolling_average,True
ST008,MD024,0.25,53,4_week_rolling_average,True
ST008,MD025,0.0,53,4_week_rolling_average,True
ST008,MD026,0.0,53,4_week_rolling_average,True
ST008,MD027,3.0,53,4_week_rolling_average,True
ST008,MD028,0.0,53,4_week_rolling_average,False
ST008,MD029,0.0,53,4_week_rolling_average,True
ST008,MD030,0.75,53,4_week_rolling_average,True
ST008,MD031,0.0,53,4_week_rolling_average,True
ST008,MD032,2.25,53,4_week_rolling_average,True
ST008,MD033,0.0,53,4_week_rolling_average,True
ST008,MD034,0.25,53,4_week_rolling_average,True
ST008,MD035,1.5,53,4_week_rolling_average,True
ST008,MD036,0.0,53,4_week_rolling_average,False
ST008,MD037,0.5,53,4_week_rolling_average,True
ST008,MD038,1.5,53,4_week_rolling_average,True
ST008,MD039,1.75,53,4_week_rolling_average,True
ST008,MD040,0.0,53,4_week_rolling_average,True
ST008,MD041,0.25,53,4_week_rolling_average,True
ST008,MD042,0.0,53,4_week_rolling_average,True
ST008,MD043,0.0,53,4_week_rolling_average,True
ST008,MD044,0.5,53,4_week_rolling_average,True
ST008,MD045,0.0,53,4_week_rolling_average,True
ST008,MD046,0.5,53,4_week_rolling_average,True
ST008,MD047,0.0,53,4_week_rolling_average,False
ST008,MD048,0.5,53,4_week_rolling_average,True
ST008,MD049,0.5,53,4_week_rolling_average,True
ST008,MD050,6.0,53,4_week_rolling_average,True
ST008,MD051,0.25,53,4_week_rolling_average,True
ST008,MD052,3.5,53,4_week_rolling_average,True
ST008,MD053,0.0,53,4_week_rolling_average,False
ST008,MD054,0.0,53,4_week_rolling_average,True
ST008,MD055,0.5,53,4_week_rolling_average,True
ST008,MD056,0.0,53,4_week_rolling_average,True
ST008,MD057,0.0,53,4_week_rolling_average,True
ST008,MD058,0.0,53,4_week_rolling_average,True
ST008,MD059,0.0,53,4_week_rolling_average,True
ST008,MD060,0.0,53,4_week_rolling_average,True
ST009,MD001,0.25,53,4_week_rolling_average,True
ST009,MD002,0.25,53,4_week_rolling_average,True
ST009,MD003,0.25,53,4_week_rolling_average,True
ST009,MD004,0.0,53,4_week_rolling_average,False
ST009,MD005,0.0,53,4_week_rolling_average,True
ST009,MD006,2.5,53,4_week_rolling_average,True
ST009,MD007,0.0,53,4_week_rolling_average,True
ST009,MD008,0.0,53,4_week_rolling_average,True
ST009,MD009,0.5,53,4_week_rolling_average,True
ST009,MD010,2.25,53,4_week_rolling_average,True
ST009,MD011,0.0,53,4_week_rolling_average,True
ST009,MD012,9.25,53,4_week_rolling_average,True
ST009,MD013,0.0,53,4_week_rolling_average,False
ST009,MD014,0.0,53,4_week_rolling_average,True
ST009,MD015,0.25,53,4_week_rolling_average,True
ST009,MD016,0.75,53,4_week_rolling_average,True
ST009,MD017,0.5,53,4_week_rolling_average,True
ST009,MD018,0.0,53,4_week_rolling_average,True
ST009,MD019,1.0,53,4_week_rolling_average,True
ST009,MD020,0.5,53,4_week_rolling_average,True
ST009,MD021,2.25,53,4_week_rolling_average,True
ST009,MD022,0.0,53,4_week_rolling_average,False
ST009,MD023,0.0,53,4_week_rolling_average,True
ST009,MD024,1.75,53,4_week_rolling_average,True
ST009,MD025,0.0,53,4_week_rolling_average,True
ST009,MD026,0.0,53,4_week_rolling_average,True
ST009,MD027,0.75,53,4_week_rolling_average,True
ST009,MD028,0.0,53,4_week_rolling_average,False
ST009,MD029,0.0,53,4_week_rolling_average,True
ST009,MD030,0.5,53,4_week_rolling_average,True
ST009,MD031,0.0,53,4_week_rolling_average,True
ST009,MD032,0.0,53,4_week_rolling_average,True
ST009,MD033,0.0,53,4_week_rolling_average,True
ST009,MD034,0.0,53,4_week_rolling_average,True
ST009,MD035,2.5,53,4_week_rolling_average,True
ST009,MD036,0.0,53,4_week_rolling_average,False
ST009,MD037,0.0,53,4_week_rolling_average,True
ST009,MD038,1.75,53,4_week_rolling_average,True
ST009,MD039,0.25,53,4_week_rolling_average,True
ST009,MD040,0.0,53,4_week_rolling_average,True
ST009,MD041,0.25,53,4_week_rolling_average,True
ST009,MD042,0.0,53,4_week_rolling_average,True
ST009,MD043,0.0,53,4_week_rolling_average,True
ST009,MD044,0.5,53,4_week_rolling_average,True
ST009,MD045,0.25,53,4_week_rolling_average,True
ST009,MD046,1.0,53,4_week_rolling_average,True
ST009,MD047,0.0,53,4_week_rolling_average,False
ST009,MD048,0.5,53,4_week_rolling_average,True
ST009,MD049,0.0,53,4_week_rolling_average,True
ST009,MD050,0.5,53,4_week_rolling_average,True
ST009,MD051,0.0,53,4_week_rolling_average,True
ST009,MD052,1.0,53,4_week_rolling_average,True
ST009,MD053,0.0,53,4_week_rolling_average,False
ST009,MD054,0.0,53,4_week_rolling_average,True
ST009,MD055,0.0,53,4_week_rolling_average,True
ST009,MD056,0.0,53,4_week_rolling_average,True
ST009,MD057,0.0,53,4_week_rolling_average,True
ST009,MD058,0.0,53,4_week_rolling_average,True
ST009,MD059,0.0,53,4_week_rolling_average,True
ST009,MD060,0.0,53,4_week_rolling_average,True
ST010,MD001,0.25,53,4_week_rolling_average,True
ST010,MD002,1.75,53,4_week_rolling_average,True
ST010,MD003,0.5,53,4_week_rolling_average,True
ST010,MD004,0.0,53,4_week_rolling_average,False
ST010,MD005,0.0,53,4_week_rolling_average,True
ST010,MD006,1.75,53,4_week_rolling_average,True
ST010,MD007,0.75,53,4_week_rolling_average,True
ST010,MD008,0.0,53,4_week_rolling_average,True
ST010,MD009,0.25,53,4_week_rolling_average,True
ST010,MD010,7.5,53,4_week_rolling_average,True
ST010,MD011,0.25,53,4_week_rolling_average,True
ST010,MD012,7.0,53,4_week_rolling_average,True
ST010,MD013,0.0,53,4_week_rolling_average,False
ST010,MD014,0.0,53,4_week_rolling_average,True
ST010,MD015,0.25,53,4_week_rolling_average,True
ST010,MD016,8.5,53,4_week_rolling_average,True
ST010,MD017,0.75,53,4_week_rolling_average,True
ST010,MD018,0.0,53,4_week_rolling_average,True
ST010,MD019,1.0,53,4_week_rolling_average,True
ST010,MD020,0.0,53,4_week_rolling_average,True
ST010,MD021,1.5,53,4_week_rolling_average,True
ST010,MD022,0.0,53,4_week_rolling_average,False
ST010,MD023,0.0,53,4_week_rolling_average,True
ST010,MD024,1.5,53,4_week_rolling_average,True
ST010,MD025,0.0,53,4_week_rolling_average,True
ST010,MD026,0.0,53,4_week_rolling_average,True
ST010,MD027,1.75,53,4_week_rolling_average,True
ST010,MD028,0.0,53,4_week_rolling_average,False
ST010,MD029,0.0,53,4_week_rolling_average,True
ST010,MD030,0.75,53,4_week_rolling_average,True
ST010,MD031,0.0,53,4_week_rolling_average,True
ST010,MD032,0.75,53,4_week_rolling_average,True
ST010,MD033,0.0,53,4_week_rolling_average,True
ST010,MD034,0.0,53,4_week_rolling_average,True
ST010,MD035,0.75,53,4_week_rolling_average,True
ST010,MD036,0.0,53,4_week_rolling_average,False
ST010,MD037,0.0,53,4_week_rolling_average,True
ST010,MD038,0.75,53,4_week_rolling_average,True
ST010,MD039,0.5,53,4_week_rolling_average,True
ST010,MD040,0.0,53,4_week_rolling_average,True
ST010,MD041,0.0,53,4_week_rolling_average,True
ST010,MD042,0.0,53,4_week_rolling_average,True
ST010,MD043,0.25,53,4_week_rolling_average,True
ST010,MD044,0.75,53,4_week_rolling_average,True
ST010,MD045,0.0,53,4_week_rolling_average,True
ST010,MD046,0.5,53,4_week_rolling_average,True
ST010,MD047,0.0,53,4_week_rolling_average,False
ST010,MD048,0.0,53,4_week_rolling_average,True
ST010,MD049,0.0,53,4_week_rolling_average,True
ST010,MD050,0.0,53,4_week_rolling_average,True
ST010,MD051,0.0,53,4_week_rolling_average,True
ST010,MD052,0.0,53,4_week_rolling_average,True
ST010,MD053,0.0,53,4_week_rolling_average,False
ST010,MD054,0.0,53,4_week_rolling_average,True
ST010,MD055,0.5,53,4_week_rolling_average,True
ST010,MD056,0.0,53,4_week_rolling_average,True
ST010,MD057,0.0,53,4_week_rolling_average,True
ST010,MD058,0.25,53,4_week_rolling_average,True
ST010,MD059,0.0,53,4_week_rolling_average,True
ST010,MD060,0.0,53,4_week_rolling_average,True
ST011,MD001,0.25,53,4_week_rolling_average,True
ST011,MD002,2.0,53,4_week_rolling_average,True
ST011,MD003,0.25,53,4_week_rolling_average,True
ST011,MD004,0.0,53,4_week_rolling_average,False
ST011,MD005,0.0,53,4_week_rolling_average,True
ST011,MD006,1.0,53,4_week_rolling_average,True
ST011,MD007,0.25,53,4_week_rolling_average,True
ST011,MD008,0.0,53,4_week_rolling_average,True
ST011,MD009,0.0,53,4_week_rolling_average,True
ST011,MD010,7.0,53,4_week_rolling_average,True
ST011,MD011,0.25,53,4_week_rolling_average,True
ST011,MD012,5.25,53,4_week_rolling_average,True
ST011,MD013,0.0,53,4_week_rolling_average,False
ST011,MD014,0.0,53,4_week_rolling_average,True
ST011,MD015,0.75,53,4_week_rolling_average,True
ST011,MD016,4.5,53,4_week_rolling_average,True
ST011,MD017,0.25,53,4_week_rolling_average,True
ST011,MD018,0.0,53,4_week_rolling_average,True
ST011,MD019,0.25,53,4_week_rolling_average,True
ST011,MD020,0.25,53,4_week_rolling_average,True
ST011,MD021,3.75,53,4_week_rolling_average,True
ST011,MD022,0.0,53,4_week_rolling_average,False
ST011,MD023,0.0,53,4_week_rolling_average,True
ST011,MD024,3.0,53,4_week_rolling_average,True
ST011,MD025,0.0,53,4_week_rolling_average,True
ST011,MD026,0.25,53,4_week_rolling_average,True
ST011,MD027,0.0,53,4_week_rolling_average,True
ST011,MD028,0.0,53,4_week_rolling_average,False
ST011,MD029,0.0,53,4_week_rolling_average,True
ST011,MD030,1.75,53,4_week_rolling_average,True
ST011,MD031,0.0,53,4_week_rolling_average,True
ST011,MD032,0.5,53,4_week_rolling_average,True
ST011,MD033,0.0,53,4_week_rolling_average,True
ST011,MD034,0.0,53,4_week_rolling_average,True
ST011,MD035,0.0,53,4_week_rolling_average,True
ST011,MD036,0.0,53,4_week_rolling_average,False
ST011,MD037,0.25,53,4_week_rolling_average,True
ST011,MD038,2.0,53,4_week_rolling_average,True
ST011,MD039,0.75,53,4_week_rolling_average,True
ST011,MD040,0.0,53,4_week_rolling_average,True
ST011,MD041,0.25,53,4_week_rolling_average,True
ST011,MD042,0.0,53,4_week_rolling_average,True
ST011,MD043,0.0,53,4_week_rolling_average,True
ST011,MD044,0.0,53,4_week_rolling_average,True
ST011,MD045,0.0,53,4_week_rolling_average,True
ST011,MD046,0.0,53,4_week_rolling_average,True
ST011,MD047,0.0,53,4_week_rolling_average,False
ST011,MD048,0.25,53,4_week_rolling_average,True
ST011,MD049,0.25,53,4_week_rolling_average,True
ST011,MD050,0.25,53,4_week_rolling_average,True
ST011,MD051,0.25,53,4_week_rolling_average,True
ST011,MD052,0.5,53,4_week_rolling_average,True
ST011,MD053,0.0,53,4_week_rolling_average,False
ST011,MD054,0.0,53,4_week_rolling_average,True
ST011,MD055,0.0,53,4_week_rolling_average,True
ST011,MD056,0.0,53,4_week_rolling_average,True
ST011,MD057,0.0,53,4_week_rolling_average,True
ST011,MD058,0.0,53,4_week_rolling_average,True
ST011,MD059,0.0,53,4_week_rolling_average,True
ST011,MD060,0.0,53,4_week_rolling_average,True
ST012,MD001,0.0,53,4_week_rolling_average,True
ST012,MD002,0.0,53,4_week_rolling_average,True
ST012,MD003,0.75,53,4_week_rolling_average,True
ST012,MD004,0.0,53,4_week_rolling_average,False
ST012,MD005,0.0,53,4_week_rolling_average,True
ST012,MD006,1.75,53,4_week_rolling_average,True
ST012,MD007,0.25,53,4_week_rolling_average,True
ST012,MD008,0.0,53,4_week_rolling_average,True
ST012,MD009,0.0,53,4_week_rolling_average,True
ST012,MD010,4.5,53,4_week_rolling_average,True
ST012,MD011,0.5,53,4_week_rolling_average,True
ST012,MD012,6.75,53,4_week_rolling_average,True
ST012,MD013,0.0,53,4_week_rolling_average,False
ST012,MD014,0.0,53,4_week_rolling_average,True
ST012,MD015,0.0,53,4_week_rolling_average,True
ST012,MD016,1.0,53,4_week_rolling_average,True
ST012,MD017,0.25,53,4_week_rolling_average,True
ST012,MD018,0.0,53,4_week_rolling_average,True
ST012,MD019,0.25,53,4_week_rolling_average,True
ST012,MD020,0.0,53,4_week_rolling_average,True
ST012,MD021,0.25,53,4_week_rolling_average,True
ST012,MD022,0.0,53,4_week_rolling_average,False
ST012,MD023,0.0,53,4_week_rolling_average,True
ST012,MD024,0.0,53,4_week_rolling_average,True
ST012,MD025,0.25,53,4_week_rolling_average,True
ST012,MD026,0.0,53,4_week_rolling_average,True
ST012,MD027,2.25,53,4_week_rolling_average,True
ST012,MD028,0.0,53,4_week_rolling_average,False
ST012,MD029,0.0,53,4_week_rolling_average,True
ST012,MD030,0.5,53,4_week_rolling_average,True
ST012,MD031,0.0,53,4_week_rolling_average,True
ST012,MD032,0.25,53,4_week_rolling_average,True
ST012,MD033,0.0,53,4_week_rolling_average,True
ST012,MD034,0.0,53,4_week_rolling_average,True
ST012,MD035,0.0,53,4_week_rolling_average,True
ST012,MD036,0.0,53,4_week_rolling_average,False
ST012,MD037,0.25,53,4_week_rolling_average,True
ST012,MD038,0.5,53,4_week_rolling_average,True
ST012,MD039,0.25,53,4_week_rolling_average,True
ST012,MD040,0.0,53,4_week_rolling_average,True
ST012,MD041,0.0,53,4_week_rolling_average,True
ST012,MD042,0.0,53,4_week_rolling_average,True
ST012,MD043,0.0,53,4_week_rolling_average,True
ST012,MD044,0.0,53,4_week_rolling_average,True
ST012,MD045,0.0,53,4_week_rolling_average,True
ST012,MD046,0.0,53,4_week_rolling_average,True
ST012,MD047,0.0,53,4_week_rolling_average,False
ST012,MD048,0.0,53,4_week_rolling_average,True
ST012,MD049,0.0,53,4_week_rolling_average,True
ST012,MD050,0.0,53,4_week_rolling_average,True
ST012,MD051,0.0,53,4_week_rolling_average,True
ST012,MD052,0.0,53,4_week_rolling_average,True
ST012,MD053,0.0,53,4_week_rolling_average,False
ST012,MD054,0.0,53,4_week_rolling_average,True
ST012,MD055,0.0,53,4_week_rolling_average,True
ST012,MD056,0.0,53,4_week_rolling_average,True
ST012,MD057,0.0,53,4_week_rolling_average,True
ST012,MD058,0.0,53,4_week_rolling_average,True
ST012,MD059,0.0,53,4_week_rolling_average,True
ST012,MD060,0.0,53,4_week_rolling_average,True
ST013,MD001,1.0,53,4_week_rolling_average,True
ST013,MD002,2.0,53,4_week_rolling_average,True
ST013,MD003,0.5,53,4_week_rolling_average,True
ST013,MD004,0.0,53,4_week_rolling_average,False
ST013,MD005,0.0,53,4_week_rolling_average,True
ST013,MD006,0.75,53,4_week_rolling_average,True
ST013,MD007,0.25,53,4_week_rolling_average,True
ST013,MD008,0.0,53,4_week_rolling_average,True
ST013,MD009,0.5,53,4_week_rolling_average,True
ST013,MD010,8.25,53,4_week_rolling_average,True
ST013,MD011,0.0,53,4_week_rolling_average,True
ST013,MD012,6.25,53,4_week_rolling_average,True
ST013,MD013,0.0,53,4_week_rolling_average,False
ST013,MD014,0.0,53,4_week_rolling_average,True
ST013,MD015,0.25,53,4_week_rolling_average,True
ST013,MD016,7.25,53,4_week_rolling_average,True
ST013,MD017,0.25,53,4_week_rolling_average,True
ST013,MD018,0.25,53,4_week_rolling_average,True
ST013,MD019,0.25,53,4_week_rolling_average,True
ST013,MD020,1.5,53,4_week_rolling_average,True
ST013,MD021,3.5,53,4_week_rolling_average,True
ST013,MD022,0.0,53,4_week_rolling_average,False
ST013,MD023,0.0,53,4_week_rolling_average,True
ST013,MD024,0.0,53,4_week_rolling_average,True
ST013,MD025,0.0,53,4_week_rolling_average,True
ST013,MD026,0.25,53,4_week_rolling_average,True
ST013,MD027,3.25,53,4_week_rolling_average,True
ST013,MD028,0.0,53,4_week_rolling_average,False
ST013,MD029,0.0,53,4_week_rolling_average,True
ST013,MD030,0.25,53,4_week_rolling_average,True
ST013,MD031,0.0,53,4_week_rolling_average,True
ST013,MD032,0.0,53,4_week_rolling_average,True
ST013,MD033,0.0,53,4_week_rolling_average,True
ST013,MD034,0.0,53,4_week_rolling_average,True
ST013,MD035,0.25,53,4_week_rolling_average,True
ST013,MD036,0.0,53,4_week_rolling_average,False
ST013,MD037,0.25,53,4_week_rolling_average,True
ST013,MD038,2.0,53,4_week_rolling_average,True
ST013,MD039,0.25,53,4_week_rolling_average,True
ST013,MD040,0.0,53,4_week_rolling_average,True
ST013,MD041,0.0,53,4_week_rolling_average,True
ST013,MD042,0.0,53,4_week_rolling_average,True
ST013,MD043,0.5,53,4_week_rolling_average,True
ST013,MD044,0.0,53,4_week_rolling_average,True
ST013,MD045,0.0,53,4_week_rolling_average,True
ST013,MD046,0.5,53,4_week_rolling_average,True
ST013,MD047,0.0,53,4_week_rolling_average,False
ST013,MD048,0.0,53,4_week_rolling_average,True
ST013,MD049,0.0,53,4_week_rolling_average,True
ST013,MD050,0.0,53,4_week_rolling_average,True
ST013,MD051,0.0,53,4_week_rolling_average,True
ST013,MD052,0.0,53,4_week_rolling_average,True
ST013,MD053,0.0,53,4_week_rolling_average,False
ST013,MD054,0.0,53,4_week_rolling_average,True
ST013,MD055,0.0,53,4_week_rolling_average,True
ST013,MD056,0.0,53,4_week_rolling_average,True
ST013,MD057,0.0,53,4_week_rolling_average,True
ST013,MD058,0.0,53,4_week_rolling_average,True
ST013,MD059,0.0,53,4_week_rolling_average,True
ST013,MD060,0.0,53,4_week_rolling_average,True
ST014,MD001,1.0,53,4_week_rolling_average,True
ST014,MD002,2.0,53,4_week_rolling_average,True
ST014,MD003,1.5,53,4_week_rolling_average,True
ST014,MD004,0.0,53,4_week_rolling_average,False
ST014,MD005,0.0,53,4_week_rolling_average,True
ST014,MD006,1.25,53,4_week_rolling_average,True
ST014,MD007,0.5,53,4_week_rolling_average,True
ST014,MD008,0.0,53,4_week_rolling_average,True
ST014,MD009,0.25,53,4_week_rolling_average,True
ST014,MD010,5.5,53,4_week_rolling_average,True
ST014,MD011,0.0,53,4_week_rolling_average,True
ST014,MD012,2.5,53,4_week_rolling_average,True
ST014,MD013,0.0,53,4_week_rolling_average,False
ST014,MD014,0.0,53,4_week_rolling_average,True
ST014,MD015,0.5,53,4_week_rolling_average,True
ST014,MD016,1.25,53,4_week_rolling_average,True
ST014,MD017,0.0,53,4_week_rolling_average,True
ST014,MD018,0.0,53,4_week_rolling_average,True
ST014,MD019,0.5,53,4_week_rolling_average,True
ST014,MD020,0.25,53,4_week_rolling_average,True
ST014,MD021,3.25,53,4_week_rolling_average,True
ST014,MD022,0.0,53,4_week_rolling_average,False
ST014,MD023,0.0,53,4_week_rolling_average,True
ST014,MD024,1.0,53,4_week_rolling_average,True
ST014,MD025,0.0,53,4_week_rolling_average,True
ST014,MD026,0.0,53,4_week_rolling_average,True
ST014,MD027,3.0,53,4_week_rolling_average,True
ST014,MD028,0.0,53,4_week_rolling_average,False
ST014,MD029,0.0,53,4_week_rolling_average,True
ST014,MD030,0.25,53,4_week_rolling_average,True
ST014,MD031,0.0,53,4_week_rolling_average,True
ST014,MD032,0.25,53,4_week_rolling_average,True
ST014,MD033,0.0,53,4_week_rolling_average,True
ST014,MD034,0.0,53,4_week_rolling_average,True
ST014,MD035,1.0,53,4_week_rolling_average,True
ST014,MD036,0.0,53,4_week_rolling_average,False
ST014,MD037,0.25,53,4_week_rolling_average,True
ST014,MD038,1.75,53,4_week_rolling_average,True
ST014,MD039,1.5,53,4_week_rolling_average,True
ST014,MD040,0.0,53,4_week_rolling_average,True
ST014,MD041,0.0,53,4_week_rolling_average,True
ST014,MD042,0.25,53,4_week_rolling_average,True
ST014,MD043,0.25,53,4_week_rolling_average,True
ST014,MD044,0.25,53,4_week_rolling_average,True
ST014,MD045,0.0,53,4_week_rolling_average,True
ST014,MD046,0.0,53,4_week_rolling_average,True
ST014,MD047,0.0,53,4_week_rolling_average,False
ST014,MD048,0.25,53,4_week_rolling_average,True
ST014,MD049,0.0,53,4_week_rolling_average,True
ST014,MD050,0.25,53,4_week_rolling_average,True
ST014,MD051,0.0,53,4_week_rolling_average,True
ST014,MD052,0.0,53,4_week_rolling_average,True
ST014,MD053,0.0,53,4_week_rolling_average,False
ST014,MD054,0.0,53,4_week_rolling_average,True
ST014,MD055,0.25,53,4_week_rolling_average,True
ST014,MD056,0.0,53,4_week_rolling_average,True
ST014,MD057,0.0,53,4_week_rolling_average,True
ST014,MD058,0.0,53,4_week_rolling_average,True
ST014,MD059,0.0,53,4_week_rolling_average,True
ST014,MD060,0.0,53,4_week_rolling_average,True
ST015,MD001,0.5,53,4_week_rolling_average,True
ST015,MD002,1.0,53,4_week_rolling_average,True
ST015,MD003,1.25,53,4_week_rolling_average,True
ST015,MD004,0.0,53,4_week_rolling_average,False
ST015,MD005,0.0,53,4_week_rolling_average,True
ST015,MD006,0.75,53,4_week_rolling_average,True
ST015,MD007,0.0,53,4_week_rolling_average,True
ST015,MD008,0.0,53,4_week_rolling_average,True
ST015,MD009,0.0,53,4_week_rolling_average,True
ST015,MD010,5.5,53,4_week_rolling_average,True
ST015,MD011,0.0,53,4_week_rolling_average,True
ST015,MD012,1.75,53,4_week_rolling_average,True
ST015,MD013,0.0,53,4_week_rolling_average,False
ST015,MD014,0.25,53,4_week_rolling_average,True
ST015,MD015,1.0,53,4_week_rolling_average,True
ST015,MD016,5.25,53,4_week_rolling_average,True
ST015,MD017,1.0,53,4_week_rolling_average,True
ST015,MD018,0.0,53,4_week_rolling_average,True
ST015,MD019,0.5,53,4_week_rolling_average,True
ST015,MD020,0.0,53,4_week_rolling_average,True
ST015,MD021,6.5,53,4_week_rolling_average,True
ST015,MD022,0.0,53,4_week_rolling_average,False
ST015,MD023,0.0,53,4_week_rolling_average,True
ST015,MD024,0.5,53,4_week_rolling_average,True
ST015,MD025,0.0,53,4_week_rolling_average,True
ST015,MD026,0.0,53,4_week_rolling_average,True
ST015,MD027,0.75,53,4_week_rolling_average,True
ST015,MD028,0.0,53,4_week_rolling_average,False
ST015,MD029,0.0,53,4_week_rolling_average,True
ST015,MD030,0.5,53,4_week_rolling_average,True
ST015,MD031,0.0,53,4_week_rolling_average,True
ST015,MD032,0.25,53,4_week_rolling_average,True
ST015,MD033,0.25,53,4_week_rolling_average,True
ST015,MD034,0.0,53,4_week_rolling_average,True
ST015,MD035,0.25,53,4_week_rolling_average,True
ST015,MD036,0.0,53,4_week_rolling_average,False
ST015,MD037,0.25,53,4_week_rolling_average,True
ST015,MD038,1.0,53,4_week_rolling_average,True
ST015,MD039,0.25,53,4_week_rolling_average,True
ST015,MD040,0.0,53,4_week_rolling_average,True
ST015,MD041,0.0,53,4_week_rolling_average,True
ST015,MD042,0.0,53,4_week_rolling_average,True
ST015,MD043,0.5,53,4_week_rolling_average,True
ST015,MD044,1.0,53,4_week_rolling_average,True
ST015,MD045,0.0,53,4_week_rolling_average,True
ST015,MD046,0.5,53,4_week_rolling_average,True
ST015,MD047,0.0,53,4_week_rolling_average,False
ST015,MD048,0.0,53,4_week_rolling_average,True
ST015,MD049,0.0,53,4_week_rolling_average,True
ST015,MD050,0.0,53,4_week_rolling_average,True
ST015,MD051,0.0,53,4_week_rolling_average,True
ST015,MD052,0.0,53,4_week_rolling_average,True
ST015,MD053,0.0,53,4_week_rolling_average,False
ST015,MD054,0.0,53,4_week_rolling_average,True
ST015,MD055,0.25,53,4_week_rolling_average,True
ST015,MD056,0.0,53,4_week_rolling_average,True
ST015,MD057,0.0,53,4_week_rolling_average,True
ST015,MD058,0.0,53,4_week_rolling_average,True
ST015,MD059,0.0,53,4_week_rolling_average,True
ST015,MD060,0.0,53,4_week_rolling_average,True
ST016,MD001,0.0,53,4_week_rolling_average,True
ST016,MD002,0.5,53,4_week_rolling_average,True
ST016,MD003,0.75,53,4_week_rolling_average,True
ST016,MD004,0.0,53,4_week_rolling_average,False
ST016,MD005,0.0,53,4_week_rolling_average,True
ST016,MD006,0.5,53,4_week_rolling_average,True
ST016,MD007,0.0,53,4_week_rolling_average,True
ST016,MD008,0.0,53,4_week_rolling_average,True
ST016,MD009,0.0,53,4_week_rolling_average,True
ST016,MD010,7.5,53,4_week_rolling_average,True
ST016,MD011,0.0,53,4_week_rolling_average,True
ST016,MD012,2.25,53,4_week_rolling_average,True
ST016,MD013,0.0,53,4_week_rolling_average,False
ST016,MD014,0.0,53,4_week_rolling_average,True
ST016,MD015,0.25,53,4_week_rolling_average,True
ST016,MD016,2.5,53,4_week_rolling_average,True
ST016,MD017,0.0,53,4_week_rolling_average,True
ST016,MD018,0.25,53,4_week_rolling_average,True
ST016,MD019,1.25,53,4_week_rolling_average,True
ST016,MD020,0.0,53,4_week_rolling_average,True
ST016,MD021,2.75,53,4_week_rolling_average,True
ST016,MD022,0.0,53,4_week_rolling_average,False
ST016,MD023,0.0,53,4_week_rolling_average,True
ST016,MD024,0.5,53,4_week_rolling_average,True
ST016,MD025,0.0,53,4_week_rolling_average,True
ST016,MD026,0.0,53,4_week_rolling_average,True
ST016,MD027,0.25,53,4_week_rolling_average,True
ST016,MD028,0.0,53,4_week_rolling_average,False
ST016,MD029,0.0,53,4_week_rolling_average,True
ST016,MD030,0.0,53,4_week_rolling_average,True
ST016,MD031,0.25,53,4_week_rolling_average,True
ST016,MD032,0.25,53,4_week_rolling_average,True
ST016,MD033,0.0,53,4_week_rolling_average,True
ST016,MD034,0.0,53,4_week_rolling_average,True
ST016,MD035,1.5,53,4_week_rolling_average,True
ST016,MD036,0.0,53,4_week_rolling_average,False
ST016,MD037,1.0,53,4_week_rolling_average,True
ST016,MD038,0.5,53,4_week_rolling_average,True
ST016,MD039,0.25,53,4_week_rolling_average,True
ST016,MD040,0.0,53,4_week_rolling_average,True
ST016,MD041,0.0,53,4_week_rolling_average,True
ST016,MD042,0.0,53,4_week_rolling_average,True
ST016,MD043,0.0,53,4_week_rolling_average,True
ST016,MD044,0.25,53,4_week_rolling_average,True
ST016,MD045,0.0,53,4_week_rolling_average,True
ST016,MD046,0.0,53,4_week_rolling_average,True
ST016,MD047,0.0,53,4_week_rolling_average,False
ST016,MD048,0.25,53,4_week_rolling_average,True
ST016,MD049,0.0,53,4_week_rolling_average,True
ST016,MD050,0.25,53,4_week_rolling_average,True
ST016,MD051,0.0,53,4_week_rolling_average,True
ST016,MD052,0.25,53,4_week_rolling_average,True
ST016,MD053,0.0,53,4_week_rolling_average,False
ST016,MD054,0.0,53,4_week_rolling_average,True
ST016,MD055,0.0,53,4_week_rolling_average,True
ST016,MD056,0.0,53,4_week_rolling_average,True
ST016,MD057,0.0,53,4_week_rolling_average,True
ST016,MD058,0.0,53,4_week_rolling_average,True
ST016,MD059,0.0,53,4_week_rolling_average,True
ST016,MD060,0.0,53,4_week_rolling_average,True
ST017,MD001,0.25,53,4_week_rolling_average,True
ST017,MD002,0.5,53,4_week_rolling_average,True
ST017,MD003,0.25,53,4_week_rolling_average,True
ST017,MD004,0.0,53,4_week_rolling_average,False
ST017,MD005,0.25,53,4_week_rolling_average,True
ST017,MD006,0.75,53,4_week_rolling_average,True
ST017,MD007,0.25,53,4_week_rolling_average,True
ST017,MD008,0.0,53,4_week_rolling_average,True
ST017,MD009,0.25,53,4_week_rolling_average,True
ST017,MD010,6.75,53,4_week_rolling_average,True
ST017,MD011,0.25,53,4_week_rolling_average,True
ST017,MD012,12.5,53,4_week_rolling_average,True
ST017,MD013,0.0,53,4_week_rolling_average,False
ST017,MD014,0.25,53,4_week_rolling_average,True
ST017,MD015,0.25,53,4_week_rolling_average,True
ST017,MD016,3.5,53,4_week_rolling_average,True
ST017,MD017,0.0,53,4_week_rolling_average,True
ST017,MD018,0.25,53,4_week_rolling_average,True
ST017,MD019,0.5,53,4_week_rolling_average,True
ST017,MD020,0.25,53,4_week_rolling_average,True
ST017,MD021,5.0,53,4_week_rolling_average,True
ST017,MD022,0.0,53,4_week_rolling_average,False
ST017,MD023,0.0,53,4_week_rolling_average,True
ST017,MD024,1.5,53,4_week_rolling_average,True
ST017,MD025,0.0,53,4_week_rolling_average,True
ST017,MD026,0.0,53,4_week_rolling_average,True
ST017,MD027,1.5,53,4_week_rolling_average,True
ST017,MD028,0.0,53,4_week_rolling_average,False
ST017,MD029,0.0,53,4_week_rolling_average,True
ST017,MD030,0.25,53,4_week_rolling_average,True
ST017,MD031,0.0,53,4_week_rolling_average,True
ST017,MD032,0.25,53,4_week_rolling_average,True
ST017,MD033,0.0,53,4_week_rolling_average,True
ST017,MD034,0.0,53,4_week_rolling_average,True
ST017,MD035,1.5,53,4_week_rolling_average,True
ST017,MD036,0.0,53,4_week_rolling_average,False
ST017,MD037,0.0,53,4_week_rolling_average,True
ST017,MD038,1.5,53,4_week_rolling_average,True
ST017,MD039,0.0,53,4_week_rolling_average,True
ST017,MD040,0.0,53,4_week_rolling_average,True
ST017,MD041,0.0,53,4_week_rolling_average,True
ST017,MD042,0.0,53,4_week_rolling_average,True
ST017,MD043,0.25,53,4_week_rolling_average,True
ST017,MD044,0.5,53,4_week_rolling_average,True
ST017,MD045,0.0,53,4_week_rolling_average,True
ST017,MD046,0.5,53,4_week_rolling_average,True
ST017,MD047,0.0,53,4_week_rolling_average,False
ST017,MD048,0.25,53,4_week_rolling_average,True
ST017,MD049,0.0,53,4_week_rolling_average,True
ST017,MD050,1.25,53,4_week_rolling_average,True
ST017,MD051,0.0,53,4_week_rolling_average,True
ST017,MD052,0.25,53,4_week_rolling_average,True
ST017,MD053,0.0,53,4_week_rolling_average,False
ST017,MD054,0.0,53,4_week_rolling_average,True
ST017,MD055,0.25,53,4_week_rolling_average,True
ST017,MD056,0.0,53,4_week_rolling_average,True
ST017,MD057,0.0,53,4_week_rolling_average,True
ST017,MD058,0.0,53,4_week_rolling_average,True
ST017,MD059,0.0,53,4_week_rolling_average,True
ST017,MD060,0.0,53,4_week_rolling_average,True
ST018,MD001,0.0,53,4_week_rolling_average,True
ST018,MD002,0.5,53,4_week_rolling_average,True
ST018,MD003,0.25,53,4_week_rolling_average,True
ST018,MD004,0.0,53,4_week_rolling_average,False
ST018,MD005,0.25,53,4_week_rolling_average,True
ST018,MD006,0.5,53,4_week_rolling_average,True
ST018,MD007,0.25,53,4_week_rolling_average,True
ST018,MD008,0.0,53,4_week_rolling_average,True
ST018,MD009,0.75,53,4_week_rolling_average,True
ST018,MD010,11.25,53,4_week_rolling_average,True
ST018,MD011,0.0,53,4_week_rolling_average,True
ST018,MD012,3.0,53,4_week_rolling_average,True
ST018,MD013,0.0,53,4_week_rolling_average,False
ST018,MD014,0.0,53,4_week_rolling_average,True
ST018,MD015,0.0,53,4_week_rolling_average,True
ST018,MD016,5.5,53,4_week_rolling_average,True
ST018,MD017,0.0,53,4_week_rolling_average,True
ST018,MD018,0.25,53,4_week_rolling_average,True
ST018,MD019,1.0,53,4_week_rolling_average,True
ST018,MD020,0.25,53,4_week_rolling_average,True
ST018,MD021,8.5,53,4_week_rolling_average,True
ST018,MD022,0.0,53,4_week_rolling_average,False
ST018,MD023,0.25,53,4_week_rolling_average,True
ST018,MD024,2.75,53,4_week_rolling_average,True
ST018,MD025,0.0,53,4_week_rolling_average,True
ST018,MD026,0.25,53,4_week_rolling_average,True
ST018,MD027,2.25,53,4_week_rolling_average,True
ST018,MD028,0.0,53,4_week_rolling_average,False
ST018,MD029,0.0,53,4_week_rolling_average,True
ST018,MD030,0.5,53,4_week_rolling_average,True
ST018,MD031,0.0,53,4_week_rolling_average,True
ST018,MD032,0.0,53,4_week_rolling_average,True
ST018,MD033,0.0,53,4_week_rolling_average,True
ST018,MD034,0.0,53,4_week_rolling_average,True
ST018,MD035,1.25,53,4_week_rolling_average,True
ST018,MD036,0.0,53,4_week_rolling_average,False
ST018,MD037,0.25,53,4_week_rolling_average,True
ST018,MD038,1.5,53,4_week_rolling_average,True
ST018,MD039,0.25,53,4_week_rolling_average,True
ST018,MD040,0.0,53,4_week_rolling_average,True
ST018,MD041,0.0,53,4_week_rolling_average,True
ST018,MD042,0.0,53,4_week_rolling_average,True
ST018,MD043,0.5,53,4_week_rolling_average,True
ST018,MD044,1.25,53,4_week_rolling_average,True
ST018,MD045,0.5,53,4_week_rolling_average,True
ST018,MD046,0.0,53,4_week_rolling_average,True
ST018,MD047,0.0,53,4_week_rolling_average,False
ST018,MD048,0.75,53,4_week_rolling_average,True
ST018,MD049,0.0,53,4_week_rolling_average,True
ST018,MD050,0.25,53,4_week_rolling_average,True
ST018,MD051,0.25,53,4_week_rolling_average,True
ST018,MD052,1.5,53,4_week_rolling_average,True
ST018,MD053,0.0,53,4_week_rolling_average,False
ST018,MD054,0.0,53,4_week_rolling_average,True
ST018,MD055,0.75,53,4_week_rolling_average,True
ST018,MD056,0.0,53,4_week_rolling_average,True
ST018,MD057,0.0,53,4_week_rolling_average,True
ST018,MD058,0.25,53,4_week_rolling_average,True
ST018,MD059,0.0,53,4_week_rolling_average,True
ST018,MD060,0.0,53,4_week_rolling_average,True
ST019,MD001,0.0,53,4_week_rolling_average,True
ST019,MD002,0.75,53,4_week_rolling_average,True
ST019,MD003,0.25,53,4_week_rolling_average,True
ST019,MD004,0.0,53,4_week_rolling_average,False
ST019,MD005,0.0,53,4_week_rolling_average,True
ST019,MD006,0.75,53,4_week_rolling_average,True
ST019,MD007,0.0,53,4_week_rolling_average,True
ST019,MD008,0.25,53,4_week_rolling_average,True
ST019,MD009,0.25,53,4_week_rolling_average,True
ST019,MD010,3.5,53,4_week_rolling_average,True
ST019,MD011,0.0,53,4_week_rolling_average,True
ST019,MD012,1.5,53,4_week_rolling_average,True
ST019,MD013,0.0,53,4_week_rolling_average,False
ST019,MD014,0.0,53,4_week_rolling_average,True
ST019,MD015,0.0,53,4_week_rolling_average,True
ST019,MD016,3.5,53,4_week_rolling_average,True
ST019,MD017,1.25,53,4_week_rolling_average,True
ST019,MD018,0.0,53,4_week_rolling_average,True
ST019,MD019,1.75,53,4_week_rolling_average,True
ST019,MD020,0.0,53,4_week_rolling_average,True
ST019,MD021,2.0,53,4_week_rolling_average,True
ST019,MD022,0.0,53,4_week_rolling_average,False
ST019,MD023,0.25,53,4_week_rolling_average,True
ST019,MD024,1.75,53,4_week_rolling_average,True
ST019,MD025,0.0,53,4_week_rolling_average,True
ST019,MD026,0.0,53,4_week_rolling_average,True
ST019,MD027,1.25,53,4_week_rolling_average,True
ST019,MD028,0.0,53,4_week_rolling_average,False
ST019,MD029,0.0,53,4_week_rolling_average,True
ST019,MD030,0.5,53,4_week_rolling_average,True
ST019,MD031,0.0,53,4_week_rolling_average,True
ST019,MD032,0.75,53,4_week_rolling_average,True
ST019,MD033,0.0,53,4_week_rolling_average,True
ST019,MD034,0.0,53,4_week_rolling_average,True
ST019,MD035,1.75,53,4_week_rolling_average,True
ST019,MD036,0.0,53,4_week_rolling_average,False
ST019,MD037,0.25,53,4_week_rolling_average,True
ST019,MD038,1.75,53,4_week_rolling_average,True
ST019,MD039,0.75,53,4_week_rolling_average,True
ST019,MD040,0.0,53,4_week_rolling_average,True
ST019,MD041,0.0,53,4_week_rolling_average,True
ST019,MD042,0.0,53,4_week_rolling_average,True
ST019,MD043,0.0,53,4_week_rolling_average,True
ST019,MD044,0.25,53,4_week_rolling_average,True
ST019,MD045,0.0,53,4_week_rolling_average,True
ST019,MD046,0.0,53,4_week_rolling_average,True
ST019,MD047,0.0,53,4_week_rolling_average,False
ST019,MD048,0.0,53,4_week_rolling_average,True
ST019,MD049,0.0,53,4_week_rolling_average,True
ST019,MD050,0.5,53,4_week_rolling_average,True
ST019,MD051,0.0,53,4_week_rolling_average,True
ST019,MD052,0.0,53,4_week_rolling_average,True
ST019,MD053,0.0,53,4_week_rolling_average,False
ST019,MD054,0.0,53,4_week_rolling_average,True
ST019,MD055,0.25,53,4_week_rolling_average,True
ST019,MD056,0.0,53,4_week_rolling_average,True
ST019,MD057,0.25,53,4_week_rolling_average,True
ST019,MD058,0.0,53,4_week_rolling_average,True
ST019,MD059,0.0,53,4_week_rolling_average,True
ST019,MD060,0.0,53,4_week_rolling_average,True
ST020,MD001,0.0,53,4_week_rolling_average,True
ST020,MD002,0.5,53,4_week_rolling_average,True
ST020,MD003,1.5,53,4_week_rolling_average,True
ST020,MD004,0.0,53,4_week_rolling_average,False
ST020,MD005,0.0,53,4_week_rolling_average,True
ST020,MD006,0.5,53,4_week_rolling_average,True
ST020,MD007,0.0,53,4_week_rolling_average,True
ST020,MD008,0.0,53,4_week_rolling_average,True
ST020,MD009,0.5,53,4_week_rolling_average,True
ST020,MD010,4.75,53,4_week_rolling_average,True
ST020,MD011,0.25,53,4_week_rolling_average,True
ST020,MD012,5.25,53,4_week_rolling_average,True
ST020,MD013,0.0,53,4_week_rolling_average,False
ST020,MD014,0.0,53,4_week_rolling_average,True
ST020,MD015,0.25,53,4_week_rolling_average,True
ST020,MD016,3.0,53,4_week_rolling_average,True
ST020,MD017,1.25,53,4_week_rolling_average,True
ST020,MD018,0.0,53,4_week_rolling_average,True
ST020,MD019,0.75,53,4_week_rolling_average,True
ST020,MD020,0.75,53,4_week_rolling_average,True
ST020,MD021,2.0,53,4_week_rolling_average,True
ST020,MD022,0.0,53,4_week_rolling_average,False
ST020,MD023,0.0,53,4_week_rolling_average,True
ST020,MD024,1.0,53,4_week_rolling_average,True
ST020,MD025,0.0,53,4_week_rolling_average,True
ST020,MD026,0.0,53,4_week_rolling_average,True
ST020,MD027,0.5,53,4_week_rolling_average,True
ST020,MD028,0.0,53,4_week_rolling_average,False
ST020,MD029,0.0,53,4_week_rolling_average,True
ST020,MD030,0.0,53,4_week_rolling_average,True
ST020,MD031,0.0,53,4_week_rolling_average,True
ST020,MD032,0.25,53,4_week_rolling_average,True
ST020,MD033,0.0,53,4_week_rolling_average,True
ST020,MD034,0.0,53,4_week_rolling_average,True
ST020,MD035,0.5,53,4_week_rolling_average,True
ST020,MD036,0.0,53,4_week_rolling_average,False
ST020,MD037,0.25,53,4_week_rolling_average,True
ST020,MD038,0.25,53,4_week_rolling_average,True
ST020,MD039,0.25,53,4_week_rolling_average,True
ST020,MD040,0.0,53,4_week_rolling_average,True
ST020,MD041,0.0,53,4_week_rolling_average,True
ST020,MD042,0.0,53,4_week_rolling_average,True
ST020,MD043,0.25,53,4_week_rolling_average,True
ST020,MD044,0.25,53,4_week_rolling_average,True
ST020,MD045,0.0,53,4_week_rolling_average,True
ST020,MD046,0.0,53,4_week_rolling_average,True
ST020,MD047,0.0,53,4_week_rolling_average,False
ST020,MD048,0.25,53,4_week_rolling_average,True
ST020,MD049,0.0,53,4_week_rolling_average,True
ST020,MD050,0.0,53,4_week_rolling_average,True
ST020,MD051,0.0,53,4_week_rolling_average,True
ST020,MD052,0.0,53,4_week_rolling_average,True
ST020,MD053,0.0,53,4_week_rolling_average,False
ST020,MD054,0.0,53,4_week_rolling_average,True
ST020,MD055,0.0,53,4_week_rolling_average,True
ST020,MD056,0.0,53,4_week_rolling_average,True
ST020,MD057,0.0,53,4_week_rolling_average,True
ST020,MD058,0.0,53,4_week_rolling_average,True
ST020,MD059,0.0,53,4_week_rolling_average,True
ST020,MD060,0.0,53,4_week_rolling_average,True
ST021,MD001,0.5,53,4_week_rolling_average,True
ST021,MD002,0.75,53,4_week_rolling_average,True
ST021,MD003,0.5,53,4_week_rolling_average,True
ST021,MD004,0.0,53,4_week_rolling_average,False
ST021,MD005,0.25,53,4_week_rolling_average,True
ST021,MD006,0.25,53,4_week_rolling_average,True
ST021,MD007,0.75,53,4_week_rolling_average,True
ST021,MD008,0.0,53,4_week_rolling_average,True
ST021,MD009,0.0,53,4_week_rolling_average,True
ST021,MD010,4.25,53,4_week_rolling_average,True
ST021,MD011,0.0,53,4_week_rolling_average,True
ST021,MD012,8.25,53,4_week_rolling_average,True
ST021,MD013,0.0,53,4_week_rolling_average,False
ST021,MD014,0.25,53,4_week_rolling_average,True
ST021,MD015,0.0,53,4_week_rolling_average,True
ST021,MD016,3.0,53,4_week_rolling_average,True
ST021,MD017,0.0,53,4_week_rolling_average,True
ST021,MD018,0.0,53,4_week_rolling_average,True
ST021,MD019,1.5,53,4_week_rolling_average,True
ST021,MD020,0.75,53,4_week_rolling_average,True
ST021,MD021,3.75,53,4_week_rolling_average,True
ST021,MD022,0.0,53,4_week_rolling_average,False
ST021,MD023,0.0,53,4_week_rolling_average,True
ST021,MD024,1.0,53,4_week_rolling_average,True
ST021,MD025,0.0,53,4_week_rolling_average,True
ST021,MD026,0.0,53,4_week_rolling_average,True
ST021,MD027,1.25,53,4_week_rolling_average,True
ST021,MD028,0.0,53,4_week_rolling_average,False
ST021,MD029,0.0,53,4_week_rolling_average,True
ST021,MD030,0.0,53,4_week_rolling_average,True
ST021,MD031,0.0,53,4_week_rolling_average,True
ST021,MD032,0.5,53,4_week_rolling_average,True
ST021,MD033,0.0,53,4_week_rolling_average,True
ST021,MD034,0.0,53,4_week_rolling_average,True
ST021,MD035,0.0,53,4_week_rolling_average,True
ST021,MD036,0.0,53,4_week_rolling_average,False
ST021,MD037,0.5,53,4_week_rolling_average,True
ST021,MD038,1.0,53,4_week_rolling_average,True
ST021,MD039,0.0,53,4_week_rolling_average,True
ST021,MD040,0.0,53,4_week_rolling_average,True
ST021,MD041,0.0,53,4_week_rolling_average,True
ST021,MD042,0.25,53,4_week_rolling_average,True
ST021,MD043,0.5,53,4_week_rolling_average,True
ST021,MD044,0.0,53,4_week_rolling_average,True
ST021,MD045,0.0,53,4_week_rolling_average,True
ST021,MD046,0.25,53,4_week_rolling_average,True
ST021,MD047,0.0,53,4_week_rolling_average,False
ST021,MD048,0.5,53,4_week_rolling_average,True
ST021,MD049,0.0,53,4_week_rolling_average,True
ST021,MD050,0.0,53,4_week_rolling_average,True
ST021,MD051,0.0,53,4_week_rolling_average,True
ST021,MD052,0.0,53,4_week_rolling_average,True
ST021,MD053,0.0,53,4_week_rolling_average,False
ST021,MD054,0.0,53,4_week_rolling_average,True
ST021,MD055,0.0,53,4_week_rolling_average,True
ST021,MD056,0.0,53,4_week_rolling_average,True
ST021,MD057,0.0,53,4_week_rolling_average,True
ST021,MD058,0.0,53,4_week_rolling_average,True
ST021,MD059,0.0,53,4_week_rolling_average,True
ST021,MD060,0.0,53,4_week_rolling_average,True
ST022,MD001,1.0,53,4_week_rolling_average,True
ST022,MD002,3.0,53,4_week_rolling_average,True
ST022,MD003,2.0,53,4_week_rolling_average,True
ST022,MD004,0.0,53,4_week_rolling_average,False
ST022,MD005,0.0,53,4_week_rolling_average,True
ST022,MD006,3.0,53,4_week_rolling_average,True
ST022,MD007,0.25,53,4_week_rolling_average,True
ST022,MD008,0.0,53,4_week_rolling_average,True
ST022,MD009,0.0,53,4_week_rolling_average,True
ST022,MD010,3.0,53,4_week_rolling_average,True
ST022,MD011,0.5,53,4_week_rolling_average,True
ST022,MD012,7.5,53,4_week_rolling_average,True
ST022,MD013,0.0,53,4_week_rolling_average,False
ST022,MD014,0.0,53,4_week_rolling_average,True
ST022,MD015,0.0,53,4_week_rolling_average,True
ST022,MD016,5.75,53,4_week_rolling_average,True
ST022,MD017,0.5,53,4_week_rolling_average,True
ST022,MD018,0.25,53,4_week_rolling_average,True
ST022,MD019,0.75,53,4_week_rolling_average,True
ST022,MD020,0.5,53,4_week_rolling_average,True
ST022,MD021,6.25,53,4_week_rolling_average,True
ST022,MD022,0.0,53,4_week_rolling_average,False
ST022,MD023,0.25,53,4_week_rolling_average,True
ST022,MD024,0.5,53,4_week_rolling_average,True
ST022,MD025,0.0,53,4_week_rolling_average,True
ST022,MD026,0.0,53,4_week_rolling_average,True
ST022,MD027,1.0,53,4_week_rolling_average,True
ST022,MD028,0.0,53,4_week_rolling_average,False
ST022,MD029,0.0,53,4_week_rolling_average,True
ST022,MD030,0.5,53,4_week_rolling_average,True
ST022,MD031,0.0,53,4_week_rolling_average,True
ST022,MD032,0.25,53,4_week_rolling_average,True
ST022,MD033,0.25,53,4_week_rolling_average,True
ST022,MD034,0.0,53,4_week_rolling_average,True
ST022,MD035,0.5,53,4_week_rolling_average,True
ST022,MD036,0.0,53,4_week_rolling_average,False
ST022,MD037,0.0,53,4_week_rolling_average,True
ST022,MD038,1.0,53,4_week_rolling_average,True
ST022,MD039,1.0,53,4_week_rolling_average,True
ST022,MD040,0.0,53,4_week_rolling_average,True
ST022,MD041,0.25,53,4_week_rolling_average,True
ST022,MD042,0.0,53,4_week_rolling_average,True
ST022,MD043,0.25,53,4_week_rolling_average,True
ST022,MD044,0.25,53,4_week_rolling_average,True
ST022,MD045,0.0,53,4_week_rolling_average,True
ST022,MD046,0.0,53,4_week_rolling_average,True
ST022,MD047,0.0,53,4_week_rolling_average,False
ST022,MD048,0.0,53,4_week_rolling_average,True
ST022,MD049,0.0,53,4_week_rolling_average,True
ST022,MD050,0.0,53,4_week_rolling_average,True
ST022,MD051,0.0,53,4_week_rolling_average,True
ST022,MD052,0.5,53,4_week_rolling_average,True
ST022,MD053,0.0,53,4_week_rolling_average,False
ST022,MD054,0.0,53,4_week_rolling_average,True
ST022,MD055,0.0,53,4_week_rolling_average,True
ST022,MD056,0.0,53,4_week_rolling_average,True
ST022,MD057,0.0,53,4_week_rolling_average,True
ST022,MD058,0.0,53,4_week_rolling_average,True
ST022,MD059,0.0,53,4_week_rolling_average,True
ST022,MD060,0.0,53,4_week_rolling_average,True
ST023,MD001,0.75,53,4_week_rolling_average,True
ST023,MD002,1.75,53,4_week_rolling_average,True
ST023,MD003,1.25,53,4_week_rolling_average,True
ST023,MD004,0.0,53,4_week_rolling_average,False
ST023,MD005,0.0,53,4_week_rolling_average,True
ST023,MD006,0.5,53,4_week_rolling_average,True
ST023,MD007,0.0,53,4_week_rolling_average,True
ST023,MD008,0.0,53,4_week_rolling_average,True
ST023,MD009,0.0,53,4_week_rolling_average,True
ST023,MD010,3.75,53,4_week_rolling_average,True
ST023,MD011,0.0,53,4_week_rolling_average,True
ST023,MD012,27.0,53,4_week_rolling_average,True
ST023,MD013,0.0,53,4_week_rolling_average,False
ST023,MD014,0.0,53,4_week_rolling_average,True
ST023,MD015,0.25,53,4_week_rolling_average,True
ST023,MD016,3.0,53,4_week_rolling_average,True
ST023,MD017,0.0,53,4_week_rolling_average,True
ST023,MD018,0.5,53,4_week_rolling_average,True
ST023,MD019,1.0,53,4_week_rolling_average,True
ST023,MD020,0.25,53,4_week_rolling_average,True
ST023,MD021,3.25,53,4_week_rolling_average,True
ST023,MD022,0.0,53,4_week_rolling_average,False
ST023,MD023,0.0,53,4_week_rolling_average,True
ST023,MD024,0.25,53,4_week_rolling_average,True
ST023,MD025,0.0,53,4_week_rolling_average,True
ST023,MD026,0.0,53,4_week_rolling_average,True
ST023,MD027,1.0,53,4_week_rolling_average,True
ST023,MD028,0.0,53,4_week_rolling_average,False
ST023,MD029,0.0,53,4_week_rolling_average,True
ST023,MD030,0.25,53,4_week_rolling_average,True
ST023,MD031,0.0,53,4_week_rolling_average,True
ST023,MD032,0.0,53,4_week_rolling_average,True
ST023,MD033,0.0,53,4_week_rolling_average,True
ST023,MD034,0.0,53,4_week_rolling_average,True
ST023,MD035,0.0,53,4_week_rolling_average,True
ST023,MD036,0.0,53,4_week_rolling_average,False
ST023,MD037,0.25,53,4_week_rolling_average,True
ST023,MD038,0.5,53,4_week_rolling_average,True
ST023,MD039,0.5,53,4_week_rolling_average,True
ST023,MD040,0.0,53,4_week_rolling_average,True
ST023,MD041,0.0,53,4_week_rolling_average,True
ST023,MD042,0.0,53,4_week_rolling_average,True
ST023,MD043,0.25,53,4_week_rolling_average,True
ST023,MD044,0.25,53,4_week_rolling_average,True
ST023,MD045,0.0,53,4_week_rolling_average,True
ST023,MD046,0.0,53,4_week_rolling_average,True
ST023,MD047,0.0,53,4_week_rolling_average,False
ST023,MD048,0.0,53,4_week_rolling_average,True
ST023,MD049,0.0,53,4_week_rolling_average,True
ST023,MD050,0.0,53,4_week_rolling_average,True
ST023,MD051,0.0,53,4_week_rolling_average,True
ST023,MD052,0.0,53,4_week_rolling_average,True
ST023,MD053,0.0,53,4_week_rolling_average,False
ST023,MD054,0.0,53,4_week_rolling_average,True
ST023,MD055,0.0,53,4_week_rolling_average,True
ST023,MD056,0.0,53,4_week_rolling_average,True
ST023,MD057,0.0,53,4_week_rolling_average,True
ST023,MD058,0.0,53,4_week_rolling_average,True
ST023,MD059,0.0,53,4_week_rolling_average,True
ST023,MD060,0.0,53,4_week_rolling_average,True
ST024,MD001,0.25,53,4_week_rolling_average,True
ST024,MD002,1.5,53,4_week_rolling_average,True
ST024,MD003,1.0,53,4_week_rolling_average,True
ST024,MD004,0.0,53,4_week_rolling_average,False
ST024,MD005,0.25,53,4_week_rolling_average,True
ST024,MD006,0.75,53,4_week_rolling_average,True
ST024,MD007,0.0,53,4_week_rolling_average,True
ST024,MD008,0.0,53,4_week_rolling_average,True
ST024,MD009,0.0,53,4_week_rolling_average,True
ST024,MD010,11.5,53,4_week_rolling_average,True
ST024,MD011,0.25,53,4_week_rolling_average,True
ST024,MD012,15.25,53,4_week_rolling_average,True
ST024,MD013,0.0,53,4_week_rolling_average,False
ST024,MD014,0.0,53,4_week_rolling_average,True
ST024,MD015,0.75,53,4_week_rolling_average,True
ST024,MD016,8.0,53,4_week_rolling_average,True
ST024,MD017,0.25,53,4_week_rolling_average,True
ST024,MD018,0.5,53,4_week_rolling_average,True
ST024,MD019,2.75,53,4_week_rolling_average,True
ST024,MD020,0.25,53,4_week_rolling_average,True
ST024,MD021,3.75,53,4_week_rolling_average,True
ST024,MD022,0.0,53,4_week_rolling_average,False
ST024,MD023,0.0,53,4_week_rolling_average,True
ST024,MD024,0.25,53,4_week_rolling_average,True
ST024,MD025,0.0,53,4_week_rolling_average,True
ST024,MD026,0.0,53,4_week_rolling_average,True
ST024,MD027,0.75,53,4_week_rolling_average,True
ST024,MD028,0.0,53,4_week_rolling_average,False
ST024,MD029,0.0,53,4_week_rolling_average,True
ST024,MD030,0.5,53,4_week_rolling_average,True
ST024,MD031,0.0,53,4_week_rolling_average,True
ST024,MD032,0.25,53,4_week_rolling_average,True
ST024,MD033,0.0,53,4_week_rolling_average,True
ST024,MD034,0.0,53,4_week_rolling_average,True
ST024,MD035,0.0,53,4_week_rolling_average,True
ST024,MD036,0.0,53,4_week_rolling_average,False
ST024,MD037,0.25,53,4_week_rolling_average,True
ST024,MD038,3.5,53,4_week_rolling_average,True
ST024,MD039,0.25,53,4_week_rolling_average,True
ST024,MD040,0.0,53,4_week_rolling_average,True
ST024,MD041,0.0,53,4_week_rolling_average,True
ST024,MD042,0.0,53,4_week_rolling_average,True
ST024,MD043,0.5,53,4_week_rolling_average,True
ST024,MD044,0.0,53,4_week_rolling_average,True
ST024,MD045,0.25,53,4_week_rolling_average,True
ST024,MD046,0.25,53,4_week_rolling_average,True
ST024,MD047,0.0,53,4_week_rolling_average,False
ST024,MD048,0.0,53,4_week_rolling_average,True
ST024,MD049,0.0,53,4_week_rolling_average,True
ST024,MD050,0.0,53,4_week_rolling_average,True
ST024,MD051,0.0,53,4_week_rolling_average,True
ST024,MD052,0.0,53,4_week_rolling_average,True
ST024,MD053,0.0,53,4_week_rolling_average,False
ST024,MD054,0.0,53,4_week_rolling_average,True
ST024,MD055,0.0,53,4_week_rolling_average,True
ST024,MD056,0.0,53,4_week_rolling_average,True
ST024,MD057,0.0,53,4_week_rolling_average,True
ST024,MD058,0.0,53,4_week_rolling_average,True
ST024,MD059,0.0,53,4_week_rolling_average,True
ST024,MD060,0.0,53,4_week_rolling_average,True
ST025,MD001,0.25,53,4_week_rolling_average,True
ST025,MD002,1.25,53,4_week_rolling_average,True
ST025,MD003,2.25,53,4_week_rolling_average,True
ST025,MD004,0.0,53,4_week_rolling_average,False
ST025,MD005,0.25,53,4_week_rolling_average,True
ST025,MD006,0.25,53,4_week_rolling_average,True
ST025,MD007,0.5,53,4_week_rolling_average,True
ST025,MD008,0.0,53,4_week_rolling_average,True
ST025,MD009,0.25,53,4_week_rolling_average,True
ST025,MD010,17.25,53,4_week_rolling_average,True
ST025,MD011,0.0,53,4_week_rolling_average,True
ST025,MD012,16.25,53,4_week_rolling_average,True
ST025,MD013,0.0,53,4_week_rolling_average,False
ST025,MD014,0.0,53,4_week_rolling_average,True
ST025,MD015,0.25,53,4_week_rolling_average,True
ST025,MD016,6.5,53,4_week_rolling_average,True
ST025,MD017,0.25,53,4_week_rolling_average,True
ST025,MD018,0.25,53,4_week_rolling_average,True
ST025,MD019,0.5,53,4_week_rolling_average,True
ST025,MD020,0.0,53,4_week_rolling_average,True
ST025,MD021,4.75,53,4_week_rolling_average,True
ST025,MD022,0.0,53,4_week_rolling_average,False
ST025,MD023,0.0,53,4_week_rolling_average,True
ST025,MD024,1.25,53,4_week_rolling_average,True
ST025,MD025,0.0,53,4_week_rolling_average,True
ST025,MD026,0.0,53,4_week_rolling_average,True
ST025,MD027,2.0,53,4_week_rolling_average,True
ST025,MD028,0.0,53,4_week_rolling_average,False
ST025,MD029,0.0,53,4_week_rolling_average,True
ST025,MD030,0.25,53,4_week_rolling_average,True
ST025,MD031,0.0,53,4_week_rolling_average,True
ST025,MD032,0.25,53,4_week_rolling_average,True
ST025,MD033,0.0,53,4_week_rolling_average,True
ST025,MD034,0.0,53,4_week_rolling_average,True
ST025,MD035,2.0,53,4_week_rolling_average,True
ST025,MD036,0.0,53,4_week_rolling_average,False
ST025,MD037,0.0,53,4_week_rolling_average,True
ST025,MD038,0.25,53,4_week_rolling_average,True
ST025,MD039,0.5,53,4_week_rolling_average,True
ST025,MD040,0.0,53,4_week_rolling_average,True
ST025,MD041,0.25,53,4_week_rolling_average,True
ST025,MD042,0.0,53,4_week_rolling_average,True
ST025,MD043,0.25,53,4_week_rolling_average,True
ST025,MD044,0.25,53,4_week_rolling_average,True
ST025,MD045,0.0,53,4_week_rolling_average,True
ST025,MD046,0.25,53,4_week_rolling_average,True
ST025,MD047,0.0,53,4_week_rolling_average,False
ST025,MD048,0.0,53,4_week_rolling_average,True
ST025,MD049,0.0,53,4_week_rolling_average,True
ST025,MD050,0.0,53,4_week_rolling_average,True
ST025,MD051,0.0,53,4_week_rolling_average,True
ST025,MD052,0.0,53,4_week_rolling_average,True
ST025,MD053,0.0,53,4_week_rolling_average,False
ST025,MD054,0.0,53,4_week_rolling_average,True
ST025,MD055,0.0,53,4_week_rolling_average,True
ST025,MD056,0.0,53,4_week_rolling_average,True
ST025,MD057,0.0,53,4_week_rolling_average,True
ST025,MD058,0.0,53,4_week_rolling_average,True
ST025,MD059,0.0,53,4_week_rolling_average,True
ST025,MD060,0.0,53,4_week_rolling_average,True
