model_id,model_name,category,price,launch_week,successor_model_id,successor_launched,recent_6w_avg_units,prior_6w_avg_units,recent_vs_prior_pct,latest_week_units,recent_nonzero_weeks,six_week_slope,eol_score,lifecycle_status,recommended_action
MD011,Halex Max,Entry,12100.0,-10,MD012,True,2.6666666666666665,8.333333333333334,-68.0,2.0,6,-0.3428571428571435,0.7833333333333333,EOL_RECOMMEND,Stop replenishment; transition to successor
MD049,Zentro Nova,Premium,70500.0,1,MD050,True,3.1666666666666665,12.333333333333334,-74.32432432432432,1.0,6,-0.3714285714285677,0.7708333333333333,EOL_RECOMMEND,Stop replenishment; transition to successor
MD051,Kryon Orbit,Premium,82400.0,-10,MD052,True,1.6666666666666667,3.0,-44.44444444444444,3.0,6,0.285714285714285,0.7694444444444444,EOL_RECOMMEND,Stop replenishment; transition to successor
MD018,Corvo Pixel,Budget,15900.0,-30,MD019,True,3.3333333333333335,7.5,-55.55555555555556,3.0,6,-0.05714285714285756,0.7666666666666666,EOL_RECOMMEND,Stop replenishment; transition to successor
MD026,Halex Ace,Mid-range,31900.0,-10,MD027,True,1.1666666666666667,2.0,-41.666666666666664,0.0,3,0.08571428571428384,0.7625,EOL_RECOMMEND,Stop replenishment; transition to successor
MD040,Orbil Vibe,Upper-mid,60000.0,-40,,False,0.0,0.3333333333333333,-100.0,0.0,0,0.0,0.75,EOL_RECOMMEND,Stop replenishment; review residual stock
MD059,Vantix Arc,Flagship,128600.0,-40,,False,0.0,0.6666666666666666,-100.0,0.0,0,0.0,0.75,EOL_RECOMMEND,Stop replenishment; review residual stock
MD025,Orbil Neo,Budget,16000.0,-52,,False,0.16666666666666666,0.3333333333333333,-50.0,0.0,1,-0.02857142857142806,0.7458333333333333,EOL_RECOMMEND,Stop replenishment; review residual stock
MD009,Orbil Ember,Entry,11500.0,1,MD010,True,4.666666666666667,13.833333333333334,-66.26506024096386,6.0,6,-0.22857142857143112,0.7333333333333333,EOL_RECOMMEND,Stop replenishment; transition to successor
MD057,Nubira Pulse,Flagship,119700.0,-4,MD058,True,2.6666666666666665,4.0,-33.333333333333336,8.0,5,0.7999999999999977,0.6666666666666667,WATCH,Monitor demand; reduce replenishment if decline persists
MD015,Nubira Fuse,Budget,16700.0,1,MD016,True,8.166666666666666,24.0,-65.97222222222223,5.0,6,-1.2857142857142831,0.6458333333333333,WATCH,Monitor demand; reduce replenishment if decline persists
MD029,Ferno Prime,Mid-range,31600.0,-40,MD030,True,0.3333333333333333,0.16666666666666666,100.0,0.0,1,-0.17142857142857001,0.6416666666666666,WATCH,Monitor demand; reduce replenishment if decline persists
MD034,Corvo Drift,Mid-range,44100.0,-30,MD035,True,1.1666666666666667,1.5,-22.22222222222222,0.0,5,-0.3714285714285702,0.6263888888888889,WATCH,Monitor demand; reduce replenishment if decline persists
MD033,Vantix Bolt,Mid-range,36100.0,-52,,False,0.3333333333333333,0.6666666666666666,-50.0,1.0,2,0.1142857142857143,0.5916666666666667,WATCH,Monitor demand; reduce replenishment if decline persists
MD008,Kryon Loop,Entry,8500.0,-40,,False,0.3333333333333333,0.8333333333333334,-60.00000000000001,1.0,2,-6.248625235219597e-16,0.5916666666666667,WATCH,Monitor demand; reduce replenishment if decline persists
MD037,Zentro Volt,Mid-range,35400.0,6,MD038,True,11.666666666666666,20.166666666666668,-42.14876033057852,10.0,6,-2.8571428571428483,0.5450413223140496,WATCH,Monitor demand; reduce replenishment if decline persists
MD020,Zentro Wave,Budget,19500.0,-4,MD021,True,6.166666666666667,8.5,-27.450980392156854,5.0,6,0.5428571428571414,0.5379901960784312,WATCH,Monitor demand; reduce replenishment if decline persists
MD043,Nubira Edge,Upper-mid,59500.0,-4,MD044,True,6.333333333333333,8.5,-25.49019607843137,5.0,6,0.4571428571428603,0.5200980392156862,WATCH,Monitor demand; reduce replenishment if decline persists
MD031,Nubira Spark,Mid-range,38400.0,-52,MD032,True,0.6666666666666666,0.3333333333333333,100.0,0.0,3,-0.28571428571428453,0.48333333333333334,WATCH,Monitor demand; reduce replenishment if decline persists
MD006,Zentro Arc,Entry,13100.0,1,MD007,True,24.833333333333332,36.666666666666664,-32.27272727272727,15.0,6,-2.8857142857142697,0.47590909090909095,WATCH,Monitor demand; reduce replenishment if decline persists
MD048,Corvo Peak,Upper-mid,59900.0,12,,False,5.0,11.833333333333334,-57.74647887323944,2.0,6,-0.6285714285714274,0.475,WATCH,Monitor demand; reduce replenishment if decline persists
MD023,Kryon Core,Budget,21300.0,-30,MD024,True,1.0,1.0,0.0,0.0,3,-0.17142857142857124,0.475,WATCH,Monitor demand; reduce replenishment if decline persists
MD045,Vantix Air,Upper-mid,52500.0,-30,MD046,True,1.1666666666666667,1.1666666666666667,0.0,2.0,5,0.08571428571428588,0.4708333333333333,WATCH,Monitor demand; reduce replenishment if decline persists
MD041,Halex Ray,Upper-mid,69300.0,-4,,False,2.8333333333333335,4.5,-37.03703703703704,2.0,6,-0.14285714285714282,0.4384259259259259,ACTIVE,Continue normal replenishment
MD002,Vantix Halo,Keypad,7900.0,6,MD003,True,24.666666666666668,32.0,-22.916666666666664,15.0,6,-0.9142857142857103,0.41041666666666665,ACTIVE,Continue normal replenishment
MD013,Halex Max 3,Entry,14500.0,84,,False,0.0,0.0,0.0,0.0,0,0.0,0.4,ACTIVE,Continue normal replenishment
MD028,Halex Ace 3,Mid-range,36500.0,72,,False,0.0,0.0,0.0,0.0,0,0.0,0.4,ACTIVE,Continue normal replenishment
MD004,Vantix Halo 3,Keypad,8800.0,104,,False,0.0,0.0,0.0,0.0,0,0.0,0.4,ACTIVE,Continue normal replenishment
MD053,Kryon Orbit 3,Premium,82100.0,91,,False,0.0,0.0,0.0,0.0,0,0.0,0.4,ACTIVE,Continue normal replenishment
MD022,Zentro Wave 3,Budget,21400.0,85,,False,0.0,0.0,0.0,0.0,0,0.0,0.4,ACTIVE,Continue normal replenishment
MD036,Corvo Drift 3,Mid-range,36400.0,66,,False,0.0,0.0,0.0,0.0,0,0.0,0.4,ACTIVE,Continue normal replenishment
MD047,Vantix Air 3,Upper-mid,62300.0,63,,False,0.0,0.0,0.0,0.0,0,0.0,0.4,ACTIVE,Continue normal replenishment
MD056,Ferno Halo,Flagship,102800.0,-52,,False,0.16666666666666666,0.0,0.0,0.0,1,-0.08571428571428501,0.3958333333333333,ACTIVE,Continue normal replenishment
MD001,Nubira Crest,Keypad,7600.0,1,,False,7.833333333333333,13.166666666666666,-40.50632911392405,4.0,6,-0.7142857142857109,0.337710970464135,ACTIVE,Continue normal replenishment
MD007,Zentro Arc 2,Entry,14300.0,52,,False,3.6666666666666665,0.0,0.0,22.0,1,3.1428571428571304,0.30833333333333335,ACTIVE,Continue normal replenishment
MD017,Vantix Flux,Budget,19500.0,-4,,False,13.0,22.0,-40.90909090909091,9.0,6,-2.1714285714285646,0.2863636363636363,ACTIVE,Continue normal replenishment
MD014,Ferno Sol,Budget,20600.0,-10,,False,1.8333333333333333,2.0,-8.333333333333337,2.0,4,-0.5999999999999999,0.2625,ACTIVE,Continue normal replenishment
MD046,Vantix Air 2,Upper-mid,71500.0,17,MD047,False,9.666666666666666,14.666666666666666,-34.09090909090909,7.0,6,-2.514285714285711,0.246969696969697,ACTIVE,Continue normal replenishment
MD042,Ferno Zephyr,Upper-mid,48300.0,-40,,False,0.3333333333333333,0.16666666666666666,100.0,1.0,2,0.1142857142857143,0.24166666666666667,ACTIVE,Continue normal replenishment
MD054,Orbil Zen,Premium,74400.0,-10,,False,0.3333333333333333,0.3333333333333333,0.0,0.0,2,-0.17142857142857099,0.24166666666666667,ACTIVE,Continue normal replenishment
MD060,Corvo Loop,Flagship,105100.0,-20,,False,0.6666666666666666,0.5,33.33333333333333,1.0,4,0.11428571428571456,0.23333333333333334,ACTIVE,Continue normal replenishment
MD058,Nubira Pulse 2,Flagship,150000.0,51,,False,1.5,0.0,0.0,7.0,2,1.171428571428567,0.2125,ACTIVE,Continue normal replenishment
MD030,Ferno Prime 2,Mid-range,27200.0,13,,False,12.666666666666666,18.166666666666668,-30.27522935779817,12.0,6,-0.5714285714285684,0.2119266055045872,ACTIVE,Continue normal replenishment
MD027,Halex Ace 2,Mid-range,46300.0,33,MD028,False,45.0,63.833333333333336,-29.503916449086166,37.0,6,-4.742857142857124,0.20652741514360315,ACTIVE,Continue normal replenishment
MD005,Corvo Pulse,Entry,11600.0,-52,,False,1.8333333333333333,1.8333333333333333,0.0,1.0,6,-0.3142857142857141,0.20416666666666666,ACTIVE,Continue normal replenishment
MD055,Halex Crest,Premium,75000.0,6,,False,8.333333333333334,10.666666666666666,-21.87499999999999,7.0,6,-1.1428571428571375,0.19479166666666656,ACTIVE,Continue normal replenishment
MD035,Corvo Drift 2,Mid-range,32400.0,19,MD036,False,29.0,40.0,-27.500000000000004,24.0,6,-2.628571428571418,0.1925,ACTIVE,Continue normal replenishment
MD019,Corvo Pixel 2,Budget,25600.0,14,,False,35.0,47.166666666666664,-25.795053003533564,37.0,6,-1.7142857142857086,0.18056537102473494,ACTIVE,Continue normal replenishment
MD032,Nubira Spark 2,Mid-range,42200.0,-10,,False,8.166666666666666,10.0,-18.333333333333336,11.0,6,1.457142857142853,0.17416666666666666,ACTIVE,Continue normal replenishment
MD024,Kryon Core 2,Budget,16600.0,9,,False,30.0,37.833333333333336,-20.70484581497798,21.0,6,-4.342857142857132,0.14493392070484584,ACTIVE,Continue normal replenishment
MD021,Zentro Wave 2,Budget,25200.0,35,MD022,False,90.83333333333333,100.66666666666667,-9.768211920529811,76.0,6,-5.5714285714285525,0.06837748344370867,ACTIVE,Continue normal replenishment
MD039,Kryon Glide,Upper-mid,51000.0,6,,False,17.333333333333332,18.0,-3.703703703703709,14.0,6,-0.6857142857142766,0.025925925925925963,ACTIVE,Continue normal replenishment
MD044,Nubira Edge 2,Upper-mid,66900.0,49,,False,9.0,0.0,0.0,14.0,4,3.4857142857142756,0.024999999999999994,ACTIVE,Continue normal replenishment
MD003,Vantix Halo 2,Keypad,6300.0,50,MD004,False,12.5,0.0,0.0,36.0,3,7.571428571428539,0.0,ACTIVE,Continue normal replenishment
MD010,Orbil Ember 2,Entry,9800.0,39,,False,174.33333333333334,104.33333333333333,67.09265175718852,161.0,6,-2.3428571428571274,0.0,ACTIVE,Continue normal replenishment
MD012,Halex Max 2,Entry,9100.0,42,MD013,False,166.5,44.666666666666664,272.76119402985074,191.0,6,17.05714285714281,0.0,ACTIVE,Continue normal replenishment
MD016,Nubira Fuse 2,Budget,23300.0,40,,False,94.5,37.166666666666664,154.26008968609867,97.0,6,1.5142857142857071,0.0,ACTIVE,Continue normal replenishment
MD038,Zentro Volt 2,Mid-range,39900.0,44,,False,43.333333333333336,7.666666666666667,465.21739130434787,71.0,6,9.999999999999961,0.0,ACTIVE,Continue normal replenishment
MD052,Kryon Orbit 2,Premium,96000.0,44,MD053,False,16.5,3.3333333333333335,395.0,22.0,6,2.485714285714282,0.0,ACTIVE,Continue normal replenishment
MD050,Zentro Nova 2,Premium,97100.0,44,,False,16.166666666666668,3.0,438.8888888888889,21.0,6,2.7142857142857064,0.0,ACTIVE,Continue normal replenishment
